,trial,stayBarOn,foragingTime,choiceMade,rewarded,rewardSize,trialErrors,timeToFixate,minFixTimeToStart,holdFixTime,timeToChoose,ITI,timeInErrorState,allForagingTimes,shrinkRate,handlingTime,allJuiceAmounts,choiceTime,completeTime,trialErrors_error1,trialErrors_error2,monkey,file,date,session,trial_uid
4407,1,right,5,stay,yes,0.2,none,30,0.05,0.1,2147483647,1,3,5,65,0.4,"[0.2   0.187 0.174 0.161 0.148 0.135 0.122 0.109 0.096 0.083 0.07  0.057
 0.044 0.031 0.018 0.005 0.   ]",0.47905055806040764,0.47905998723581433,,,calvin,/Users/tomroper/Documents/Leaving Variability/Patch/calvin/C130401/C130401.2.C.mat,C130401,2,calvin|C130401|2|1
4408,2,right,5,leave,no,0.0,none,30,0.05,0.1,2147483647,1,3,5,65,0.4,"[0.2   0.187 0.174 0.161 0.148 0.135 0.122 0.109 0.096 0.083 0.07  0.057
 0.044 0.031 0.018 0.005 0.   ]",0.47907962766475976,0.47919145633932203,,,calvin,/Users/tomroper/Documents/Leaving Variability/Patch/calvin/C130401/C130401.2.C.mat,C130401,2,calvin|C130401|2|2
4409,3,left,5,stay,yes,0.2,none,30,0.05,0.1,2147483647,1,3,5,65,0.4,"[0.2   0.187 0.174 0.161 0.148 0.135 0.122 0.109 0.096 0.083 0.07  0.057
 0.044 0.031 0.018 0.005 0.   ]",0.4792099363403395,0.47921826387755573,,,calvin,/Users/tomroper/Documents/Leaving Variability/Patch/calvin/C130401/C130401.2.C.mat,C130401,2,calvin|C130401|2|3
4410,4,left,5,stay,yes,0.187,none,30,0.05,0.1,2147483647,1,3,5,65,0.4,"[0.2   0.187 0.174 0.161 0.148 0.135 0.122 0.109 0.096 0.083 0.07  0.057
 0.044 0.031 0.018 0.005 0.   ]",0.47923824517056346,0.4792463261401281,,,calvin,/Users/tomroper/Documents/Leaving Variability/Patch/calvin/C130401/C130401.2.C.mat,C130401,2,calvin|C130401|2|4
4411,5,left,5,stay,yes,0.174,none,30,0.05,0.1,2147483647,1,3,5,65,0.4,"[0.2   0.187 0.174 0.161 0.148 0.135 0.122 0.109 0.096 0.083 0.07  0.057
 0.044 0.031 0.018 0.005 0.   ]",0.4792980011552572,0.4793064866680652,,,calvin,/Users/tomroper/Documents/Leaving Variability/Patch/calvin/C130401/C130401.2.C.mat,C130401,2,calvin|C130401|2|5
4412,6,left,5,stay,yes,0.16099999999999998,none,30,0.05,0.1,2147483647,1,3,5,65,0.4,"[0.2   0.187 0.174 0.161 0.148 0.135 0.122 0.109 0.096 0.083 0.07  0.057
 0.044 0.031 0.018 0.005 0.   ]",0.4793270465452224,0.47933581203687936,,,calvin,/Users/tomroper/Documents/Leaving Variability/Patch/calvin/C130401/C130401.2.C.mat,C130401,2,calvin|C130401|2|6
4413,7,left,5,leave,no,0.0,none,30,0.05,0.1,2147483647,1,3,5,65,0.4,"[0.2   0.187 0.174 0.161 0.148 0.135 0.122 0.109 0.096 0.083 0.07  0.057
 0.044 0.031 0.018 0.005 0.   ]",0.4793716927524656,0.4794805437559262,,,calvin,/Users/tomroper/Documents/Leaving Variability/Patch/calvin/C130401/C130401.2.C.mat,C130401,2,calvin|C130401|2|7
4414,8,right,5,leave,no,0.0,none,30,0.05,0.1,2147483647,1,3,5,65,0.4,"[0.2   0.187 0.174 0.161 0.148 0.135 0.122 0.109 0.096 0.083 0.07  0.057
 0.044 0.031 0.018 0.005 0.   ]",0.47951667266897857,0.4796280086738989,,,calvin,/Users/tomroper/Documents/Leaving Variability/Patch/calvin/C130401/C130401.2.C.mat,C130401,2,calvin|C130401|2|8
4415,9,left,5,stay,yes,0.2,none,30,0.05,0.1,2147483647,1,3,5,65,0.4,"[0.2   0.187 0.174 0.161 0.148 0.135 0.122 0.109 0.096 0.083 0.07  0.057
 0.044 0.031 0.018 0.005 0.   ]",0.4797590906964615,0.4797679027542472,,,calvin,/Users/tomroper/Documents/Leaving Variability/Patch/calvin/C130401/C130401.2.C.mat,C130401,2,calvin|C130401|2|9
4416,10,left,5,stay,yes,0.187,none,30,0.05,0.1,2147483647,1,3,5,65,0.4,"[0.2   0.187 0.174 0.161 0.148 0.135 0.122 0.109 0.096 0.083 0.07  0.057
 0.044 0.031 0.018 0.005 0.   ]",0.4798532942077145,0.47986232163384557,,,calvin,/Users/tomroper/Documents/Leaving Variability/Patch/calvin/C130401/C130401.2.C.mat,C130401,2,calvin|C130401|2|10
4417,11,left,5,stay,yes,0.174,none,30,0.05,0.1,2147483647,1,3,5,65,0.4,"[0.2   0.187 0.174 0.161 0.148 0.135 0.122 0.109 0.096 0.083 0.07  0.057
 0.044 0.031 0.018 0.005 0.   ]",0.4799048600252718,0.4799138461239636,,,calvin,/Users/tomroper/Documents/Leaving Variability/Patch/calvin/C130401/C130401.2.C.mat,C130401,2,calvin|C130401|2|11
4418,12,left,5,stay,yes,0.16099999999999998,none,30,0.05,0.1,2147483647,1,3,5,65,0.4,"[0.2   0.187 0.174 0.161 0.148 0.135 0.122 0.109 0.096 0.083 0.07  0.057
 0.044 0.031 0.018 0.005 0.   ]",0.47994912147987634,0.4799584236461669,,,calvin,/Users/tomroper/Documents/Leaving Variability/Patch/calvin/C130401/C130401.2.C.mat,C130401,2,calvin|C130401|2|12
4419,13,left,5,leave,no,0.0,none,30,0.05,0.1,2147483647,1,3,5,65,0.4,"[0.2   0.187 0.174 0.161 0.148 0.135 0.122 0.109 0.096 0.083 0.07  0.057
 0.044 0.031 0.018 0.005 0.   ]",0.47998309147078544,0.48009389895014465,,,calvin,/Users/tomroper/Documents/Leaving Variability/Patch/calvin/C130401/C130401.2.C.mat,C130401,2,calvin|C130401|2|13
4420,14,right,5,leave,no,0.0,none,30,0.05,0.1,2147483647,1,3,5,65,0.4,"[0.2   0.187 0.174 0.161 0.148 0.135 0.122 0.109 0.096 0.083 0.07  0.057
 0.044 0.031 0.018 0.005 0.   ]",0.4801136989844963,0.4802265759790316,,,calvin,/Users/tomroper/Documents/Leaving Variability/Patch/calvin/C130401/C130401.2.C.mat,C130401,2,calvin|C130401|2|14
4421,15,left,5,stay,yes,0.2,none,30,0.05,0.1,2147483647,1,3,5,65,0.4,"[0.2   0.187 0.174 0.161 0.148 0.135 0.122 0.109 0.096 0.083 0.07  0.057
 0.044 0.031 0.018 0.005 0.   ]",0.48034422751516104,0.48035335273016244,,,calvin,/Users/tomroper/Documents/Leaving Variability/Patch/calvin/C130401/C130401.2.C.mat,C130401,2,calvin|C130401|2|15
4422,16,left,5,leave,no,0.0,none,30,0.05,0.1,2147483647,1,3,5,65,0.4,"[0.2   0.187 0.174 0.161 0.148 0.135 0.122 0.109 0.096 0.083 0.07  0.057
 0.044 0.031 0.018 0.005 0.   ]",0.48073960945475847,0.4808505850378424,,,calvin,/Users/tomroper/Documents/Leaving Variability/Patch/calvin/C130401/C130401.2.C.mat,C130401,2,calvin|C130401|2|16
4423,17,right,5,leave,no,0.0,none,30,0.05,0.1,2147483647,1,3,5,65,0.4,"[0.2   0.187 0.174 0.161 0.148 0.135 0.122 0.109 0.096 0.083 0.07  0.057
 0.044 0.031 0.018 0.005 0.   ]",0.4820231660269201,0.4821353123988956,,,calvin,/Users/tomroper/Documents/Leaving Variability/Patch/calvin/C130401/C130401.2.C.mat,C130401,2,calvin|C130401|2|17
4424,18,left,5,stay,yes,0.2,none,30,0.05,0.1,2147483647,1,3,5,65,0.4,"[0.2   0.187 0.174 0.161 0.148 0.135 0.122 0.109 0.096 0.083 0.07  0.057
 0.044 0.031 0.018 0.005 0.   ]",0.4822302667889744,0.4822387823369354,,,calvin,/Users/tomroper/Documents/Leaving Variability/Patch/calvin/C130401/C130401.2.C.mat,C130401,2,calvin|C130401|2|18
4425,19,left,5,leave,no,0.0,none,30,0.05,0.1,2147483647,1,3,5,65,0.4,"[0.2   0.187 0.174 0.161 0.148 0.135 0.122 0.109 0.096 0.083 0.07  0.057
 0.044 0.031 0.018 0.005 0.   ]",0.4823018059832975,0.4824140649288893,,,calvin,/Users/tomroper/Documents/Leaving Variability/Patch/calvin/C130401/C130401.2.C.mat,C130401,2,calvin|C130401|2|19
4426,20,right,5,leave,no,0.0,none,30,0.05,0.1,2147483647,1,3,5,65,0.4,"[0.2   0.187 0.174 0.161 0.148 0.135 0.122 0.109 0.096 0.083 0.07  0.057
 0.044 0.031 0.018 0.005 0.   ]",0.48244952934328467,0.4825589268002659,,,calvin,/Users/tomroper/Documents/Leaving Variability/Patch/calvin/C130401/C130401.2.C.mat,C130401,2,calvin|C130401|2|20
4427,21,left,5,leave,no,0.0,none,30,0.05,0.1,2147483647,1,3,5,65,0.4,"[0.2   0.187 0.174 0.161 0.148 0.135 0.122 0.109 0.096 0.083 0.07  0.057
 0.044 0.031 0.018 0.005 0.   ]",0.4825914311222732,0.4827053409535438,,,calvin,/Users/tomroper/Documents/Leaving Variability/Patch/calvin/C130401/C130401.2.C.mat,C130401,2,calvin|C130401|2|21
4428,22,right,5,stay,yes,0.2,none,30,0.05,0.1,2147483647,1,3,5,65,0.4,"[0.2   0.187 0.174 0.161 0.148 0.135 0.122 0.109 0.096 0.083 0.07  0.057
 0.044 0.031 0.018 0.005 0.   ]",0.48275056306738406,0.48275943531189114,,,calvin,/Users/tomroper/Documents/Leaving Variability/Patch/calvin/C130401/C130401.2.C.mat,C130401,2,calvin|C130401|2|22
4429,23,right,5,stay,yes,0.187,none,30,0.05,0.1,2147483647,1,3,5,65,0.4,"[0.2   0.187 0.174 0.161 0.148 0.135 0.122 0.109 0.096 0.083 0.07  0.057
 0.044 0.031 0.018 0.005 0.   ]",0.48278784239664674,0.48279692500364035,,,calvin,/Users/tomroper/Documents/Leaving Variability/Patch/calvin/C130401/C130401.2.C.mat,C130401,2,calvin|C130401|2|23
4430,24,right,5,stay,yes,0.174,none,30,0.05,0.1,2147483647,1,3,5,65,0.4,"[0.2   0.187 0.174 0.161 0.148 0.135 0.122 0.109 0.096 0.083 0.07  0.057
 0.044 0.031 0.018 0.005 0.   ]",0.482817227486521,0.4828265564283356,,,calvin,/Users/tomroper/Documents/Leaving Variability/Patch/calvin/C130401/C130401.2.C.mat,C130401,2,calvin|C130401|2|24
4431,25,right,5,leave,no,0.0,none,30,0.05,0.1,2147483647,1,3,5,65,0.4,"[0.2   0.187 0.174 0.161 0.148 0.135 0.122 0.109 0.096 0.083 0.07  0.057
 0.044 0.031 0.018 0.005 0.   ]",0.48293519963044673,0.4830485621932894,,,calvin,/Users/tomroper/Documents/Leaving Variability/Patch/calvin/C130401/C130401.2.C.mat,C130401,2,calvin|C130401|2|25
4432,26,left,5,stay,yes,0.2,none,30,0.05,0.1,2147483647,1,3,5,65,0.4,"[0.2   0.187 0.174 0.161 0.148 0.135 0.122 0.109 0.096 0.083 0.07  0.057
 0.044 0.031 0.018 0.005 0.   ]",0.4830908852163702,0.48310021532233804,,,calvin,/Users/tomroper/Documents/Leaving Variability/Patch/calvin/C130401/C130401.2.C.mat,C130401,2,calvin|C130401|2|26
4433,27,left,5,leave,no,0.0,none,30,0.05,0.1,2147483647,1,3,5,65,0.4,"[0.2   0.187 0.174 0.161 0.148 0.135 0.122 0.109 0.096 0.083 0.07  0.057
 0.044 0.031 0.018 0.005 0.   ]",0.48315174225717783,0.48326469177845865,,,calvin,/Users/tomroper/Documents/Leaving Variability/Patch/calvin/C130401/C130401.2.C.mat,C130401,2,calvin|C130401|2|27
4434,28,right,5,leave,no,0.0,none,30,0.05,0.1,2147483647,1,3,5,65,0.4,"[0.2   0.187 0.174 0.161 0.148 0.135 0.122 0.109 0.096 0.083 0.07  0.057
 0.044 0.031 0.018 0.005 0.   ]",0.4833111638436094,0.48342435876838863,,,calvin,/Users/tomroper/Documents/Leaving Variability/Patch/calvin/C130401/C130401.2.C.mat,C130401,2,calvin|C130401|2|28
4435,29,left,5,leave,no,0.0,none,30,0.05,0.1,2147483647,1,3,5,65,0.4,"[0.2   0.187 0.174 0.161 0.148 0.135 0.122 0.109 0.096 0.083 0.07  0.057
 0.044 0.031 0.018 0.005 0.   ]",0.4834460993297398,0.4835601249942556,,,calvin,/Users/tomroper/Documents/Leaving Variability/Patch/calvin/C130401/C130401.2.C.mat,C130401,2,calvin|C130401|2|29
4436,30,right,5,leave,no,0.0,none,30,0.05,0.1,2147483647,1,3,5,65,0.4,"[0.2   0.187 0.174 0.161 0.148 0.135 0.122 0.109 0.096 0.083 0.07  0.057
 0.044 0.031 0.018 0.005 0.   ]",0.4835910783149302,0.4837048101471737,,,calvin,/Users/tomroper/Documents/Leaving Variability/Patch/calvin/C130401/C130401.2.C.mat,C130401,2,calvin|C130401|2|30
4437,31,left,5,stay,yes,0.2,none,30,0.05,0.1,2147483647,1,3,5,65,0.4,"[0.2   0.187 0.174 0.161 0.148 0.135 0.122 0.109 0.096 0.083 0.07  0.057
 0.044 0.031 0.018 0.005 0.   ]",0.4837396068032831,0.4837485811440274,,,calvin,/Users/tomroper/Documents/Leaving Variability/Patch/calvin/C130401/C130401.2.C.mat,C130401,2,calvin|C130401|2|31
4438,32,left,5,stay,yes,0.187,none,30,0.05,0.1,2147483647,1,3,5,65,0.4,"[0.2   0.187 0.174 0.161 0.148 0.135 0.122 0.109 0.096 0.083 0.07  0.057
 0.044 0.031 0.018 0.005 0.   ]",0.4838264968711883,0.4838352925144136,,,calvin,/Users/tomroper/Documents/Leaving Variability/Patch/calvin/C130401/C130401.2.C.mat,C130401,2,calvin|C130401|2|32
4439,33,left,5,leave,no,0.0,none,30,0.05,0.1,2147483647,1,3,5,65,0.4,"[0.2   0.187 0.174 0.161 0.148 0.135 0.122 0.109 0.096 0.083 0.07  0.057
 0.044 0.031 0.018 0.005 0.   ]",0.4839325094362721,0.4840455878293142,,,calvin,/Users/tomroper/Documents/Leaving Variability/Patch/calvin/C130401/C130401.2.C.mat,C130401,2,calvin|C130401|2|33
4440,34,right,5,leave,no,0.0,none,30,0.05,0.1,2147483647,1,3,5,65,0.4,"[0.2   0.187 0.174 0.161 0.148 0.135 0.122 0.109 0.096 0.083 0.07  0.057
 0.044 0.031 0.018 0.005 0.   ]",0.48407505452632904,0.48418890847824514,,,calvin,/Users/tomroper/Documents/Leaving Variability/Patch/calvin/C130401/C130401.2.C.mat,C130401,2,calvin|C130401|2|34
4441,35,left,5,stay,yes,0.2,none,30,0.05,0.1,2147483647,1,3,5,65,0.4,"[0.2   0.187 0.174 0.161 0.148 0.135 0.122 0.109 0.096 0.083 0.07  0.057
 0.044 0.031 0.018 0.005 0.   ]",0.48424671427346766,0.48425581492483616,,,calvin,/Users/tomroper/Documents/Leaving Variability/Patch/calvin/C130401/C130401.2.C.mat,C130401,2,calvin|C130401|2|35
4442,36,left,5,leave,no,0.0,none,30,0.05,0.1,2147483647,1,3,5,65,0.4,"[0.2   0.187 0.174 0.161 0.148 0.135 0.122 0.109 0.096 0.083 0.07  0.057
 0.044 0.031 0.018 0.005 0.   ]",0.48435192462056875,0.4844639515504241,,,calvin,/Users/tomroper/Documents/Leaving Variability/Patch/calvin/C130401/C130401.2.C.mat,C130401,2,calvin|C130401|2|36
4443,37,right,5,leave,no,0.0,none,30,0.05,0.1,2147483647,1,3,5,65,0.4,"[0.2   0.187 0.174 0.161 0.148 0.135 0.122 0.109 0.096 0.083 0.07  0.057
 0.044 0.031 0.018 0.005 0.   ]",0.48450298130046576,0.48461482347920537,,,calvin,/Users/tomroper/Documents/Leaving Variability/Patch/calvin/C130401/C130401.2.C.mat,C130401,2,calvin|C130401|2|37
4444,38,left,5,stay,yes,0.2,none,30,0.05,0.1,2147483647,1,3,5,65,0.4,"[0.2   0.187 0.174 0.161 0.148 0.135 0.122 0.109 0.096 0.083 0.07  0.057
 0.044 0.031 0.018 0.005 0.   ]",0.48469767288770527,0.4847065906506032,,,calvin,/Users/tomroper/Documents/Leaving Variability/Patch/calvin/C130401/C130401.2.C.mat,C130401,2,calvin|C130401|2|38
4445,39,left,5,leave,no,0.0,none,30,0.05,0.1,2147483647,1,3,5,65,0.4,"[0.2   0.187 0.174 0.161 0.148 0.135 0.122 0.109 0.096 0.083 0.07  0.057
 0.044 0.031 0.018 0.005 0.   ]",0.48473859881050885,0.4848506972193718,,,calvin,/Users/tomroper/Documents/Leaving Variability/Patch/calvin/C130401/C130401.2.C.mat,C130401,2,calvin|C130401|2|39
4446,40,right,5,leave,no,0.0,none,30,0.05,0.1,2147483647,1,3,5,65,0.4,"[0.2   0.187 0.174 0.161 0.148 0.135 0.122 0.109 0.096 0.083 0.07  0.057
 0.044 0.031 0.018 0.005 0.   ]",0.48487151390872896,0.4849841439863667,,,calvin,/Users/tomroper/Documents/Leaving Variability/Patch/calvin/C130401/C130401.2.C.mat,C130401,2,calvin|C130401|2|40
4447,41,left,5,stay,yes,0.2,none,30,0.05,0.1,2147483647,1,3,5,65,0.4,"[0.2   0.187 0.174 0.161 0.148 0.135 0.122 0.109 0.096 0.083 0.07  0.057
 0.044 0.031 0.018 0.005 0.   ]",0.48503758292645216,0.48504628718364984,,,calvin,/Users/tomroper/Documents/Leaving Variability/Patch/calvin/C130401/C130401.2.C.mat,C130401,2,calvin|C130401|2|41
4448,42,left,5,leave,no,0.0,none,30,0.05,0.1,2147483647,1,3,5,65,0.4,"[0.2   0.187 0.174 0.161 0.148 0.135 0.122 0.109 0.096 0.083 0.07  0.057
 0.044 0.031 0.018 0.005 0.   ]",0.48519744153600186,0.4853099425090477,,,calvin,/Users/tomroper/Documents/Leaving Variability/Patch/calvin/C130401/C130401.2.C.mat,C130401,2,calvin|C130401|2|42
4449,43,right,5,stay,yes,0.2,none,30,0.05,0.1,2147483647,1,3,5,65,0.4,"[0.2   0.187 0.174 0.161 0.148 0.135 0.122 0.109 0.096 0.083 0.07  0.057
 0.044 0.031 0.018 0.005 0.   ]",0.4853634216124192,0.48537271621171385,,,calvin,/Users/tomroper/Documents/Leaving Variability/Patch/calvin/C130401/C130401.2.C.mat,C130401,2,calvin|C130401|2|43
4450,44,right,5,stay,yes,0.187,none,30,0.05,0.1,2147483647,1,3,5,65,0.4,"[0.2   0.187 0.174 0.161 0.148 0.135 0.122 0.109 0.096 0.083 0.07  0.057
 0.044 0.031 0.018 0.005 0.   ]",0.48542209540028125,0.4854313329560682,,,calvin,/Users/tomroper/Documents/Leaving Variability/Patch/calvin/C130401/C130401.2.C.mat,C130401,2,calvin|C130401|2|44
4451,45,right,5,leave,no,0.0,none,30,0.05,0.1,2147483647,1,3,5,65,0.4,"[0.2   0.187 0.174 0.161 0.148 0.135 0.122 0.109 0.096 0.083 0.07  0.057
 0.044 0.031 0.018 0.005 0.   ]",0.48545136651955545,0.4855623437324539,,,calvin,/Users/tomroper/Documents/Leaving Variability/Patch/calvin/C130401/C130401.2.C.mat,C130401,2,calvin|C130401|2|45
4452,46,left,5,leave,no,0.0,none,30,0.05,0.1,2147483647,1,3,5,65,0.4,"[0.2   0.187 0.174 0.161 0.148 0.135 0.122 0.109 0.096 0.083 0.07  0.057
 0.044 0.031 0.018 0.005 0.   ]",0.48566811298951507,0.4857796909054741,,,calvin,/Users/tomroper/Documents/Leaving Variability/Patch/calvin/C130401/C130401.2.C.mat,C130401,2,calvin|C130401|2|46
4453,47,right,5,leave,no,0.0,none,30,0.05,0.1,2147483647,1,3,5,65,0.4,"[0.2   0.187 0.174 0.161 0.148 0.135 0.122 0.109 0.096 0.083 0.07  0.057
 0.044 0.031 0.018 0.005 0.   ]",0.48580068128649145,0.48591438378207386,,,calvin,/Users/tomroper/Documents/Leaving Variability/Patch/calvin/C130401/C130401.2.C.mat,C130401,2,calvin|C130401|2|47
4454,48,left,5,leave,no,0.0,none,30,0.05,0.1,2147483647,1,3,5,65,0.4,"[0.2   0.187 0.174 0.161 0.148 0.135 0.122 0.109 0.096 0.083 0.07  0.057
 0.044 0.031 0.018 0.005 0.   ]",0.48604187404271215,0.4861559426644817,,,calvin,/Users/tomroper/Documents/Leaving Variability/Patch/calvin/C130401/C130401.2.C.mat,C130401,2,calvin|C130401|2|48
4455,49,right,5,leave,no,0.0,none,30,0.05,0.1,2147483647,1,3,5,65,0.4,"[0.2   0.187 0.174 0.161 0.148 0.135 0.122 0.109 0.096 0.083 0.07  0.057
 0.044 0.031 0.018 0.005 0.   ]",0.4862037707353011,0.48631592094898224,,,calvin,/Users/tomroper/Documents/Leaving Variability/Patch/calvin/C130401/C130401.2.C.mat,C130401,2,calvin|C130401|2|49
4456,50,left,5,stay,yes,0.2,none,30,0.05,0.1,2147483647,1,3,5,65,0.4,"[0.2   0.187 0.174 0.161 0.148 0.135 0.122 0.109 0.096 0.083 0.07  0.057
 0.044 0.031 0.018 0.005 0.   ]",0.4864586069015786,0.48646784701850265,,,calvin,/Users/tomroper/Documents/Leaving Variability/Patch/calvin/C130401/C130401.2.C.mat,C130401,2,calvin|C130401|2|50
4457,51,left,5,leave,no,0.0,none,30,0.05,0.1,2147483647,1,3,5,65,0.4,"[0.2   0.187 0.174 0.161 0.148 0.135 0.122 0.109 0.096 0.083 0.07  0.057
 0.044 0.031 0.018 0.005 0.   ]",0.4866380497114733,0.4867509480100125,,,calvin,/Users/tomroper/Documents/Leaving Variability/Patch/calvin/C130401/C130401.2.C.mat,C130401,2,calvin|C130401|2|51
4458,52,right,5,stay,yes,0.2,none,30,0.05,0.1,2147483647,1,3,5,65,0.4,"[0.2   0.187 0.174 0.161 0.148 0.135 0.122 0.109 0.096 0.083 0.07  0.057
 0.044 0.031 0.018 0.005 0.   ]",0.48744103335775435,0.4874499059515074,,,calvin,/Users/tomroper/Documents/Leaving Variability/Patch/calvin/C130401/C130401.2.C.mat,C130401,2,calvin|C130401|2|52
4459,53,right,5,stay,yes,0.187,,30,0.05,0.1,2147483647,1,3,5,65,0.4,"[0.2   0.187 0.174 0.161 0.148 0.135 0.122 0.109 0.096 0.083 0.07  0.057
 0.044 0.031 0.018 0.005 0.   ]",0.4878457081504166,0.48785501066595316,noHold,,calvin,/Users/tomroper/Documents/Leaving Variability/Patch/calvin/C130401/C130401.2.C.mat,C130401,2,calvin|C130401|2|53
4460,54,right,5,leave,no,0.0,none,30,0.05,0.1,2147483647,1,3,5,65,0.4,"[0.2   0.187 0.174 0.161 0.148 0.135 0.122 0.109 0.096 0.083 0.07  0.057
 0.044 0.031 0.018 0.005 0.   ]",0.4878863018238917,0.4879981995327398,,,calvin,/Users/tomroper/Documents/Leaving Variability/Patch/calvin/C130401/C130401.2.C.mat,C130401,2,calvin|C130401|2|54
4461,55,left,5,leave,no,0.0,none,30,0.05,0.1,2147483647,1,3,5,65,0.4,"[0.2   0.187 0.174 0.161 0.148 0.135 0.122 0.109 0.096 0.083 0.07  0.057
 0.044 0.031 0.018 0.005 0.   ]",0.48808757797814906,0.48820089793298393,,,calvin,/Users/tomroper/Documents/Leaving Variability/Patch/calvin/C130401/C130401.2.C.mat,C130401,2,calvin|C130401|2|55
4462,56,right,5,leave,no,0.0,none,30,0.05,0.1,2147483647,1,3,5,65,0.4,"[0.2   0.187 0.174 0.161 0.148 0.135 0.122 0.109 0.096 0.083 0.07  0.057
 0.044 0.031 0.018 0.005 0.   ]",0.488298442796804,0.4884120925562456,,,calvin,/Users/tomroper/Documents/Leaving Variability/Patch/calvin/C130401/C130401.2.C.mat,C130401,2,calvin|C130401|2|56
4463,57,left,5,leave,no,0.0,none,30,0.05,0.1,2147483647,1,3,5,65,0.4,"[0.2   0.187 0.174 0.161 0.148 0.135 0.122 0.109 0.096 0.083 0.07  0.057
 0.044 0.031 0.018 0.005 0.   ]",0.48845982551574707,0.4885699119186029,,,calvin,/Users/tomroper/Documents/Leaving Variability/Patch/calvin/C130401/C130401.2.C.mat,C130401,2,calvin|C130401|2|57
4464,58,right,5,leave,no,0.0,none,30,0.05,0.1,2147483647,1,3,5,65,0.4,"[0.2   0.187 0.174 0.161 0.148 0.135 0.122 0.109 0.096 0.083 0.07  0.057
 0.044 0.031 0.018 0.005 0.   ]",0.48860031785443425,0.4887121591018513,,,calvin,/Users/tomroper/Documents/Leaving Variability/Patch/calvin/C130401/C130401.2.C.mat,C130401,2,calvin|C130401|2|58
4465,59,left,5,leave,no,0.0,none,30,0.05,0.1,2147483647,1,3,5,65,0.4,"[0.2   0.187 0.174 0.161 0.148 0.135 0.122 0.109 0.096 0.083 0.07  0.057
 0.044 0.031 0.018 0.005 0.   ]",0.4888769418466836,0.48898919066414237,,,calvin,/Users/tomroper/Documents/Leaving Variability/Patch/calvin/C130401/C130401.2.C.mat,C130401,2,calvin|C130401|2|59
4466,60,right,5,leave,no,0.0,none,30,0.05,0.1,2147483647,1,3,5,65,0.4,"[0.2   0.187 0.174 0.161 0.148 0.135 0.122 0.109 0.096 0.083 0.07  0.057
 0.044 0.031 0.018 0.005 0.   ]",0.48901047836989164,0.4891240404685959,,,calvin,/Users/tomroper/Documents/Leaving Variability/Patch/calvin/C130401/C130401.2.C.mat,C130401,2,calvin|C130401|2|60
4467,61,left,5,stay,yes,0.2,none,30,0.05,0.1,2147483647,1,3,5,65,0.4,"[0.2   0.187 0.174 0.161 0.148 0.135 0.122 0.109 0.096 0.083 0.07  0.057
 0.044 0.031 0.018 0.005 0.   ]",0.48922320210840553,0.4892324492102489,,,calvin,/Users/tomroper/Documents/Leaving Variability/Patch/calvin/C130401/C130401.2.C.mat,C130401,2,calvin|C130401|2|61
4468,62,left,5,stay,yes,0.187,none,30,0.05,0.1,2147483647,1,3,5,65,0.4,"[0.2   0.187 0.174 0.161 0.148 0.135 0.122 0.109 0.096 0.083 0.07  0.057
 0.044 0.031 0.018 0.005 0.   ]",0.4892636954318732,0.4892723980592564,,,calvin,/Users/tomroper/Documents/Leaving Variability/Patch/calvin/C130401/C130401.2.C.mat,C130401,2,calvin|C130401|2|62
4469,63,left,5,stay,yes,0.174,none,30,0.05,0.1,2147483647,1,3,5,65,0.4,"[0.2   0.187 0.174 0.161 0.148 0.135 0.122 0.109 0.096 0.083 0.07  0.057
 0.044 0.031 0.018 0.005 0.   ]",0.489312955760397,0.4893217612989247,,,calvin,/Users/tomroper/Documents/Leaving Variability/Patch/calvin/C130401/C130401.2.C.mat,C130401,2,calvin|C130401|2|63
4470,64,left,5,leave,no,0.0,none,30,0.05,0.1,2147483647,1,3,5,65,0.4,"[0.2   0.187 0.174 0.161 0.148 0.135 0.122 0.109 0.096 0.083 0.07  0.057
 0.044 0.031 0.018 0.005 0.   ]",0.48936992906965315,0.4894808535464108,,,calvin,/Users/tomroper/Documents/Leaving Variability/Patch/calvin/C130401/C130401.2.C.mat,C130401,2,calvin|C130401|2|64
4471,65,right,5,leave,no,0.0,none,30,0.05,0.1,2147483647,1,3,5,65,0.4,"[0.2   0.187 0.174 0.161 0.148 0.135 0.122 0.109 0.096 0.083 0.07  0.057
 0.044 0.031 0.018 0.005 0.   ]",0.4896456586429849,0.4897592980414629,,,calvin,/Users/tomroper/Documents/Leaving Variability/Patch/calvin/C130401/C130401.2.C.mat,C130401,2,calvin|C130401|2|65
4472,66,left,5,stay,yes,0.2,none,30,0.05,0.1,2147483647,1,3,5,65,0.4,"[0.2   0.187 0.174 0.161 0.148 0.135 0.122 0.109 0.096 0.083 0.07  0.057
 0.044 0.031 0.018 0.005 0.   ]",0.48980464262422174,0.4898137548007071,,,calvin,/Users/tomroper/Documents/Leaving Variability/Patch/calvin/C130401/C130401.2.C.mat,C130401,2,calvin|C130401|2|66
4473,67,left,5,leave,no,0.0,none,30,0.05,0.1,2147483647,1,3,5,65,0.4,"[0.2   0.187 0.174 0.161 0.148 0.135 0.122 0.109 0.096 0.083 0.07  0.057
 0.044 0.031 0.018 0.005 0.   ]",0.49001843470614403,0.4901326345279813,,,calvin,/Users/tomroper/Documents/Leaving Variability/Patch/calvin/C130401/C130401.2.C.mat,C130401,2,calvin|C130401|2|67
4474,68,right,5,leave,no,0.0,none,30,0.05,0.1,2147483647,1,3,5,65,0.4,"[0.2   0.187 0.174 0.161 0.148 0.135 0.122 0.109 0.096 0.083 0.07  0.057
 0.044 0.031 0.018 0.005 0.   ]",0.4901832309551537,0.4902966117952019,,,calvin,/Users/tomroper/Documents/Leaving Variability/Patch/calvin/C130401/C130401.2.C.mat,C130401,2,calvin|C130401|2|68
4475,69,left,5,stay,yes,0.2,none,30,0.05,0.1,2147483647,1,3,5,65,0.4,"[0.2   0.187 0.174 0.161 0.148 0.135 0.122 0.109 0.096 0.083 0.07  0.057
 0.044 0.031 0.018 0.005 0.   ]",0.4903244993183762,0.4903334511909634,,,calvin,/Users/tomroper/Documents/Leaving Variability/Patch/calvin/C130401/C130401.2.C.mat,C130401,2,calvin|C130401|2|69
4476,70,left,5,stay,yes,0.187,,30,0.05,0.1,2147483647,1,3,5,65,0.4,"[0.2   0.187 0.174 0.161 0.148 0.135 0.122 0.109 0.096 0.083 0.07  0.057
 0.044 0.031 0.018 0.005 0.   ]",0.4904201948083937,0.4904292448190972,noHold,,calvin,/Users/tomroper/Documents/Leaving Variability/Patch/calvin/C130401/C130401.2.C.mat,C130401,2,calvin|C130401|2|70
4477,71,left,5,stay,yes,0.174,none,30,0.05,0.1,2147483647,1,3,5,65,0.4,"[0.2   0.187 0.174 0.161 0.148 0.135 0.122 0.109 0.096 0.083 0.07  0.057
 0.044 0.031 0.018 0.005 0.   ]",0.4904746057000011,0.4904835418565199,,,calvin,/Users/tomroper/Documents/Leaving Variability/Patch/calvin/C130401/C130401.2.C.mat,C130401,2,calvin|C130401|2|71
4478,72,left,5,leave,no,0.0,none,30,0.05,0.1,2147483647,1,3,5,65,0.4,"[0.2   0.187 0.174 0.161 0.148 0.135 0.122 0.109 0.096 0.083 0.07  0.057
 0.044 0.031 0.018 0.005 0.   ]",0.4905131299747154,0.4906275236280635,,,calvin,/Users/tomroper/Documents/Leaving Variability/Patch/calvin/C130401/C130401.2.C.mat,C130401,2,calvin|C130401|2|72
4479,73,right,5,leave,no,0.0,none,30,0.05,0.1,2147483647,1,3,5,65,0.4,"[0.2   0.187 0.174 0.161 0.148 0.135 0.122 0.109 0.096 0.083 0.07  0.057
 0.044 0.031 0.018 0.005 0.   ]",0.4909274207893759,0.49103954317979515,,,calvin,/Users/tomroper/Documents/Leaving Variability/Patch/calvin/C130401/C130401.2.C.mat,C130401,2,calvin|C130401|2|73
4480,74,left,5,leave,no,0.0,,30,0.05,0.1,2147483647,1,3,5,65,0.4,"[0.2   0.187 0.174 0.161 0.148 0.135 0.122 0.109 0.096 0.083 0.07  0.057
 0.044 0.031 0.018 0.005 0.   ]",0.49184151680674404,0.49195326410699636,noInitiate,,calvin,/Users/tomroper/Documents/Leaving Variability/Patch/calvin/C130401/C130401.2.C.mat,C130401,2,calvin|C130401|2|74
4481,75,right,5,leave,no,0.0,none,30,0.05,0.1,2147483647,1,3,5,65,0.4,"[0.2   0.187 0.174 0.161 0.148 0.135 0.122 0.109 0.096 0.083 0.07  0.057
 0.044 0.031 0.018 0.005 0.   ]",0.4920210004784167,0.49213314440567046,,,calvin,/Users/tomroper/Documents/Leaving Variability/Patch/calvin/C130401/C130401.2.C.mat,C130401,2,calvin|C130401|2|75
4482,76,left,5,leave,no,0.0,none,30,0.05,0.1,2147483647,1,3,5,65,0.4,"[0.2   0.187 0.174 0.161 0.148 0.135 0.122 0.109 0.096 0.083 0.07  0.057
 0.044 0.031 0.018 0.005 0.   ]",0.4921640286920592,0.492277386598289,,,calvin,/Users/tomroper/Documents/Leaving Variability/Patch/calvin/C130401/C130401.2.C.mat,C130401,2,calvin|C130401|2|76
4483,77,right,5,leave,no,0.0,none,30,0.05,0.1,2147483647,1,3,5,65,0.4,"[0.2   0.187 0.174 0.161 0.148 0.135 0.122 0.109 0.096 0.083 0.07  0.057
 0.044 0.031 0.018 0.005 0.   ]",0.4922997591784224,0.4924115900648758,,,calvin,/Users/tomroper/Documents/Leaving Variability/Patch/calvin/C130401/C130401.2.C.mat,C130401,2,calvin|C130401|2|77
4484,78,left,5,leave,no,0.0,none,30,0.05,0.1,2147483647,1,3,5,65,0.4,"[0.2   0.187 0.174 0.161 0.148 0.135 0.122 0.109 0.096 0.083 0.07  0.057
 0.044 0.031 0.018 0.005 0.   ]",0.4924909098772332,0.4926033765077591,,,calvin,/Users/tomroper/Documents/Leaving Variability/Patch/calvin/C130401/C130401.2.C.mat,C130401,2,calvin|C130401|2|78
4485,79,right,5,leave,no,0.0,none,30,0.05,0.1,2147483647,1,3,5,65,0.4,"[0.2   0.187 0.174 0.161 0.148 0.135 0.122 0.109 0.096 0.083 0.07  0.057
 0.044 0.031 0.018 0.005 0.   ]",0.49322319007478654,0.49333627556916326,,,calvin,/Users/tomroper/Documents/Leaving Variability/Patch/calvin/C130401/C130401.2.C.mat,C130401,2,calvin|C130401|2|79
4486,80,left,5,stay,yes,0.2,none,30,0.05,0.1,2147483647,1,3,5,65,0.4,"[0.2   0.187 0.174 0.161 0.148 0.135 0.122 0.109 0.096 0.083 0.07  0.057
 0.044 0.031 0.018 0.005 0.   ]",0.49343146674800664,0.49344036157708615,,,calvin,/Users/tomroper/Documents/Leaving Variability/Patch/calvin/C130401/C130401.2.C.mat,C130401,2,calvin|C130401|2|80
4487,81,left,5,stay,yes,0.187,none,30,0.05,0.1,2147483647,1,3,5,65,0.4,"[0.2   0.187 0.174 0.161 0.148 0.135 0.122 0.109 0.096 0.083 0.07  0.057
 0.044 0.031 0.018 0.005 0.   ]",0.49352700111921877,0.4935361616080627,,,calvin,/Users/tomroper/Documents/Leaving Variability/Patch/calvin/C130401/C130401.2.C.mat,C130401,2,calvin|C130401|2|81
4488,82,left,5,stay,yes,0.174,none,30,0.05,0.1,2147483647,1,3,5,65,0.4,"[0.2   0.187 0.174 0.161 0.148 0.135 0.122 0.109 0.096 0.083 0.07  0.057
 0.044 0.031 0.018 0.005 0.   ]",0.49356296309269965,0.49357210425660014,,,calvin,/Users/tomroper/Documents/Leaving Variability/Patch/calvin/C130401/C130401.2.C.mat,C130401,2,calvin|C130401|2|82
4489,83,left,5,stay,yes,0.16099999999999998,none,30,0.05,0.1,2147483647,1,3,5,65,0.4,"[0.2   0.187 0.174 0.161 0.148 0.135 0.122 0.109 0.096 0.083 0.07  0.057
 0.044 0.031 0.018 0.005 0.   ]",0.49359165120404214,0.49360049318056554,,,calvin,/Users/tomroper/Documents/Leaving Variability/Patch/calvin/C130401/C130401.2.C.mat,C130401,2,calvin|C130401|2|83
4490,84,left,5,stay,yes,0.14799999999999996,none,30,0.05,0.1,2147483647,1,3,5,65,0.4,"[0.2   0.187 0.174 0.161 0.148 0.135 0.122 0.109 0.096 0.083 0.07  0.057
 0.044 0.031 0.018 0.005 0.   ]",0.49361971498001367,0.4936285628937185,,,calvin,/Users/tomroper/Documents/Leaving Variability/Patch/calvin/C130401/C130401.2.C.mat,C130401,2,calvin|C130401|2|84
4491,85,left,5,stay,yes,0.13499999999999995,none,30,0.05,0.1,2147483647,1,3,5,65,0.4,"[0.2   0.187 0.174 0.161 0.148 0.135 0.122 0.109 0.096 0.083 0.07  0.057
 0.044 0.031 0.018 0.005 0.   ]",0.4936477943556383,0.4936558837071061,,,calvin,/Users/tomroper/Documents/Leaving Variability/Patch/calvin/C130401/C130401.2.C.mat,C130401,2,calvin|C130401|2|85
4492,86,left,5,leave,no,0.0,none,30,0.05,0.1,2147483647,1,3,5,65,0.4,"[0.2   0.187 0.174 0.161 0.148 0.135 0.122 0.109 0.096 0.083 0.07  0.057
 0.044 0.031 0.018 0.005 0.   ]",0.49369078467134386,0.4938007603632286,,,calvin,/Users/tomroper/Documents/Leaving Variability/Patch/calvin/C130401/C130401.2.C.mat,C130401,2,calvin|C130401|2|86
4493,87,right,5,leave,no,0.0,none,30,0.05,0.1,2147483647,1,3,5,65,0.4,"[0.2   0.187 0.174 0.161 0.148 0.135 0.122 0.109 0.096 0.083 0.07  0.057
 0.044 0.031 0.018 0.005 0.   ]",0.49382286274340004,0.49393560248427093,,,calvin,/Users/tomroper/Documents/Leaving Variability/Patch/calvin/C130401/C130401.2.C.mat,C130401,2,calvin|C130401|2|87
4494,88,left,5,stay,yes,0.2,none,30,0.05,0.1,2147483647,1,3,5,65,0.4,"[0.2   0.187 0.174 0.161 0.148 0.135 0.122 0.109 0.096 0.083 0.07  0.057
 0.044 0.031 0.018 0.005 0.   ]",0.4939646215643734,0.4939738231478259,,,calvin,/Users/tomroper/Documents/Leaving Variability/Patch/calvin/C130401/C130401.2.C.mat,C130401,2,calvin|C130401|2|88
4495,89,left,5,stay,yes,0.187,none,30,0.05,0.1,2147483647,1,3,5,65,0.4,"[0.2   0.187 0.174 0.161 0.148 0.135 0.122 0.109 0.096 0.083 0.07  0.057
 0.044 0.031 0.018 0.005 0.   ]",0.4939998972695321,0.4940091404132545,,,calvin,/Users/tomroper/Documents/Leaving Variability/Patch/calvin/C130401/C130401.2.C.mat,C130401,2,calvin|C130401|2|89
4496,90,left,5,stay,yes,0.174,none,30,0.05,0.1,2147483647,1,3,5,65,0.4,"[0.2   0.187 0.174 0.161 0.148 0.135 0.122 0.109 0.096 0.083 0.07  0.057
 0.044 0.031 0.018 0.005 0.   ]",0.49403029831591994,0.4940387656679377,,,calvin,/Users/tomroper/Documents/Leaving Variability/Patch/calvin/C130401/C130401.2.C.mat,C130401,2,calvin|C130401|2|90
4497,91,left,5,stay,yes,0.16099999999999998,none,30,0.05,0.1,2147483647,1,3,5,65,0.4,"[0.2   0.187 0.174 0.161 0.148 0.135 0.122 0.109 0.096 0.083 0.07  0.057
 0.044 0.031 0.018 0.005 0.   ]",0.49407882848754525,0.49408797116484493,,,calvin,/Users/tomroper/Documents/Leaving Variability/Patch/calvin/C130401/C130401.2.C.mat,C130401,2,calvin|C130401|2|91
4498,92,left,5,stay,yes,0.14799999999999996,none,30,0.05,0.1,2147483647,1,3,5,65,0.4,"[0.2   0.187 0.174 0.161 0.148 0.135 0.122 0.109 0.096 0.083 0.07  0.057
 0.044 0.031 0.018 0.005 0.   ]",0.494131772313267,0.49414119904395193,,,calvin,/Users/tomroper/Documents/Leaving Variability/Patch/calvin/C130401/C130401.2.C.mat,C130401,2,calvin|C130401|2|92
4499,93,left,5,stay,yes,0.13499999999999995,none,30,0.05,0.1,2147483647,1,3,5,65,0.4,"[0.2   0.187 0.174 0.161 0.148 0.135 0.122 0.109 0.096 0.083 0.07  0.057
 0.044 0.031 0.018 0.005 0.   ]",0.49416702263988554,0.4941760675283149,,,calvin,/Users/tomroper/Documents/Leaving Variability/Patch/calvin/C130401/C130401.2.C.mat,C130401,2,calvin|C130401|2|93
4500,94,left,5,stay,yes,0.12199999999999996,none,30,0.05,0.1,2147483647,1,3,5,65,0.4,"[0.2   0.187 0.174 0.161 0.148 0.135 0.122 0.109 0.096 0.083 0.07  0.057
 0.044 0.031 0.018 0.005 0.   ]",0.4943595608929172,0.4943687366321683,,,calvin,/Users/tomroper/Documents/Leaving Variability/Patch/calvin/C130401/C130401.2.C.mat,C130401,2,calvin|C130401|2|94
4501,95,left,5,leave,no,0.0,none,30,0.05,0.1,2147483647,1,3,5,65,0.4,"[0.2   0.187 0.174 0.161 0.148 0.135 0.122 0.109 0.096 0.083 0.07  0.057
 0.044 0.031 0.018 0.005 0.   ]",0.49442503263708204,0.4945360035635531,,,calvin,/Users/tomroper/Documents/Leaving Variability/Patch/calvin/C130401/C130401.2.C.mat,C130401,2,calvin|C130401|2|95
4502,96,right,5,leave,no,0.0,none,30,0.05,0.1,2147483647,1,3,5,65,0.4,"[0.2   0.187 0.174 0.161 0.148 0.135 0.122 0.109 0.096 0.083 0.07  0.057
 0.044 0.031 0.018 0.005 0.   ]",0.49455765541642904,0.49467159691266716,,,calvin,/Users/tomroper/Documents/Leaving Variability/Patch/calvin/C130401/C130401.2.C.mat,C130401,2,calvin|C130401|2|96
4503,97,left,5,leave,no,0.0,none,30,0.05,0.1,2147483647,1,3,5,65,0.4,"[0.2   0.187 0.174 0.161 0.148 0.135 0.122 0.109 0.096 0.083 0.07  0.057
 0.044 0.031 0.018 0.005 0.   ]",0.49469567323103547,0.4948101246263832,,,calvin,/Users/tomroper/Documents/Leaving Variability/Patch/calvin/C130401/C130401.2.C.mat,C130401,2,calvin|C130401|2|97
4504,98,right,5,stay,yes,0.2,none,30,0.05,0.1,2147483647,1,3,5,65,0.4,"[0.2   0.187 0.174 0.161 0.148 0.135 0.122 0.109 0.096 0.083 0.07  0.057
 0.044 0.031 0.018 0.005 0.   ]",0.49488812673371285,0.4948964873328805,,,calvin,/Users/tomroper/Documents/Leaving Variability/Patch/calvin/C130401/C130401.2.C.mat,C130401,2,calvin|C130401|2|98
4505,99,right,5,leave,no,0.0,none,30,0.05,0.1,2147483647,1,3,5,65,0.4,"[0.2   0.187 0.174 0.161 0.148 0.135 0.122 0.109 0.096 0.083 0.07  0.057
 0.044 0.031 0.018 0.005 0.   ]",0.4949221950955689,0.4950353534659371,,,calvin,/Users/tomroper/Documents/Leaving Variability/Patch/calvin/C130401/C130401.2.C.mat,C130401,2,calvin|C130401|2|99
4506,100,left,5,stay,yes,0.2,none,30,0.05,0.1,2147483647,1,3,5,65,0.4,"[0.2   0.187 0.174 0.161 0.148 0.135 0.122 0.109 0.096 0.083 0.07  0.057
 0.044 0.031 0.018 0.005 0.   ]",0.49516757507808506,0.49517679575365037,,,calvin,/Users/tomroper/Documents/Leaving Variability/Patch/calvin/C130401/C130401.2.C.mat,C130401,2,calvin|C130401|2|100
4507,101,left,5,stay,yes,0.187,none,30,0.05,0.1,2147483647,1,3,5,65,0.4,"[0.2   0.187 0.174 0.161 0.148 0.135 0.122 0.109 0.096 0.083 0.07  0.057
 0.044 0.031 0.018 0.005 0.   ]",0.4951996406307444,0.49520827003289014,,,calvin,/Users/tomroper/Documents/Leaving Variability/Patch/calvin/C130401/C130401.2.C.mat,C130401,2,calvin|C130401|2|101
4508,102,left,5,stay,yes,0.174,none,30,0.05,0.1,2147483647,1,3,5,65,0.4,"[0.2   0.187 0.174 0.161 0.148 0.135 0.122 0.109 0.096 0.083 0.07  0.057
 0.044 0.031 0.018 0.005 0.   ]",0.49522686924319714,0.49523480341304094,,,calvin,/Users/tomroper/Documents/Leaving Variability/Patch/calvin/C130401/C130401.2.C.mat,C130401,2,calvin|C130401|2|102
4509,103,left,5,leave,no,0.0,none,30,0.05,0.1,2147483647,1,3,5,65,0.4,"[0.2   0.187 0.174 0.161 0.148 0.135 0.122 0.109 0.096 0.083 0.07  0.057
 0.044 0.031 0.018 0.005 0.   ]",0.495273505221121,0.4953855280764401,,,calvin,/Users/tomroper/Documents/Leaving Variability/Patch/calvin/C130401/C130401.2.C.mat,C130401,2,calvin|C130401|2|103
4510,104,right,5,leave,no,0.0,none,30,0.05,0.1,2147483647,1,3,5,65,0.4,"[0.2   0.187 0.174 0.161 0.148 0.135 0.122 0.109 0.096 0.083 0.07  0.057
 0.044 0.031 0.018 0.005 0.   ]",0.495452634524554,0.49556664272677153,,,calvin,/Users/tomroper/Documents/Leaving Variability/Patch/calvin/C130401/C130401.2.C.mat,C130401,2,calvin|C130401|2|104
4511,105,left,5,stay,yes,0.2,none,30,0.05,0.1,2147483647,1,3,5,65,0.4,"[0.2   0.187 0.174 0.161 0.148 0.135 0.122 0.109 0.096 0.083 0.07  0.057
 0.044 0.031 0.018 0.005 0.   ]",0.4955858370522037,0.4955947052221745,,,calvin,/Users/tomroper/Documents/Leaving Variability/Patch/calvin/C130401/C130401.2.C.mat,C130401,2,calvin|C130401|2|105
4512,106,left,5,stay,yes,0.187,none,30,0.05,0.1,2147483647,1,3,5,65,0.4,"[0.2   0.187 0.174 0.161 0.148 0.135 0.122 0.109 0.096 0.083 0.07  0.057
 0.044 0.031 0.018 0.005 0.   ]",0.4956656452268362,0.4956742984941229,,,calvin,/Users/tomroper/Documents/Leaving Variability/Patch/calvin/C130401/C130401.2.C.mat,C130401,2,calvin|C130401|2|106
4513,107,left,5,stay,yes,0.174,none,30,0.05,0.1,2147483647,1,3,5,65,0.4,"[0.2   0.187 0.174 0.161 0.148 0.135 0.122 0.109 0.096 0.083 0.07  0.057
 0.044 0.031 0.018 0.005 0.   ]",0.49572838156018406,0.4957378705730662,,,calvin,/Users/tomroper/Documents/Leaving Variability/Patch/calvin/C130401/C130401.2.C.mat,C130401,2,calvin|C130401|2|107
4514,108,left,5,stay,yes,0.16099999999999998,none,30,0.05,0.1,2147483647,1,3,5,65,0.4,"[0.2   0.187 0.174 0.161 0.148 0.135 0.122 0.109 0.096 0.083 0.07  0.057
 0.044 0.031 0.018 0.005 0.   ]",0.49576021917164326,0.49576931702904403,,,calvin,/Users/tomroper/Documents/Leaving Variability/Patch/calvin/C130401/C130401.2.C.mat,C130401,2,calvin|C130401|2|108
4515,109,left,5,stay,yes,0.14799999999999996,none,30,0.05,0.1,2147483647,1,3,5,65,0.4,"[0.2   0.187 0.174 0.161 0.148 0.135 0.122 0.109 0.096 0.083 0.07  0.057
 0.044 0.031 0.018 0.005 0.   ]",0.4957909883232787,0.4957997277379036,,,calvin,/Users/tomroper/Documents/Leaving Variability/Patch/calvin/C130401/C130401.2.C.mat,C130401,2,calvin|C130401|2|109
4516,110,left,5,stay,yes,0.13499999999999995,none,30,0.05,0.1,2147483647,1,3,5,65,0.4,"[0.2   0.187 0.174 0.161 0.148 0.135 0.122 0.109 0.096 0.083 0.07  0.057
 0.044 0.031 0.018 0.005 0.   ]",0.4958202487323433,0.49582916928920895,,,calvin,/Users/tomroper/Documents/Leaving Variability/Patch/calvin/C130401/C130401.2.C.mat,C130401,2,calvin|C130401|2|110
4517,111,left,5,stay,yes,0.12199999999999996,none,30,0.05,0.1,2147483647,1,3,5,65,0.4,"[0.2   0.187 0.174 0.161 0.148 0.135 0.122 0.109 0.096 0.083 0.07  0.057
 0.044 0.031 0.018 0.005 0.   ]",0.4958490774733946,0.49585787241812795,,,calvin,/Users/tomroper/Documents/Leaving Variability/Patch/calvin/C130401/C130401.2.C.mat,C130401,2,calvin|C130401|2|111
4518,112,left,5,stay,yes,0.10899999999999996,none,30,0.05,0.1,2147483647,1,3,5,65,0.4,"[0.2   0.187 0.174 0.161 0.148 0.135 0.122 0.109 0.096 0.083 0.07  0.057
 0.044 0.031 0.018 0.005 0.   ]",0.49588139972183853,0.4958899535704404,,,calvin,/Users/tomroper/Documents/Leaving Variability/Patch/calvin/C130401/C130401.2.C.mat,C130401,2,calvin|C130401|2|112
4519,113,left,5,leave,no,0.0,none,30,0.05,0.1,2147483647,1,3,5,65,0.4,"[0.2   0.187 0.174 0.161 0.148 0.135 0.122 0.109 0.096 0.083 0.07  0.057
 0.044 0.031 0.018 0.005 0.   ]",0.4959155947435647,0.496028523077257,,,calvin,/Users/tomroper/Documents/Leaving Variability/Patch/calvin/C130401/C130401.2.C.mat,C130401,2,calvin|C130401|2|113
4520,114,right,5,stay,yes,0.2,none,30,0.05,0.1,2147483647,1,3,5,65,0.4,"[0.2   0.187 0.174 0.161 0.148 0.135 0.122 0.109 0.096 0.083 0.07  0.057
 0.044 0.031 0.018 0.005 0.   ]",0.4960474187973887,0.496056743664667,,,calvin,/Users/tomroper/Documents/Leaving Variability/Patch/calvin/C130401/C130401.2.C.mat,C130401,2,calvin|C130401|2|114
4521,115,right,5,leave,no,0.0,none,30,0.05,0.1,2147483647,1,3,5,65,0.4,"[0.2   0.187 0.174 0.161 0.148 0.135 0.122 0.109 0.096 0.083 0.07  0.057
 0.044 0.031 0.018 0.005 0.   ]",0.4961138309445232,0.496226450544782,,,calvin,/Users/tomroper/Documents/Leaving Variability/Patch/calvin/C130401/C130401.2.C.mat,C130401,2,calvin|C130401|2|115
4522,116,left,5,stay,yes,0.2,none,30,0.05,0.1,2147483647,1,3,5,65,0.4,"[0.2   0.187 0.174 0.161 0.148 0.135 0.122 0.109 0.096 0.083 0.07  0.057
 0.044 0.031 0.018 0.005 0.   ]",0.49624778889119625,0.49625664739869535,,,calvin,/Users/tomroper/Documents/Leaving Variability/Patch/calvin/C130401/C130401.2.C.mat,C130401,2,calvin|C130401|2|116
4523,117,left,5,stay,yes,0.187,none,30,0.05,0.1,2147483647,1,3,5,65,0.4,"[0.2   0.187 0.174 0.161 0.148 0.135 0.122 0.109 0.096 0.083 0.07  0.057
 0.044 0.031 0.018 0.005 0.   ]",0.49628972995560616,0.49629906576592475,,,calvin,/Users/tomroper/Documents/Leaving Variability/Patch/calvin/C130401/C130401.2.C.mat,C130401,2,calvin|C130401|2|117
4524,118,left,5,stay,yes,0.174,none,30,0.05,0.1,2147483647,1,3,5,65,0.4,"[0.2   0.187 0.174 0.161 0.148 0.135 0.122 0.109 0.096 0.083 0.07  0.057
 0.044 0.031 0.018 0.005 0.   ]",0.49631943367421627,0.4963283938122913,,,calvin,/Users/tomroper/Documents/Leaving Variability/Patch/calvin/C130401/C130401.2.C.mat,C130401,2,calvin|C130401|2|118
4525,119,left,5,stay,yes,0.16099999999999998,none,30,0.05,0.1,2147483647,1,3,5,65,0.4,"[0.2   0.187 0.174 0.161 0.148 0.135 0.122 0.109 0.096 0.083 0.07  0.057
 0.044 0.031 0.018 0.005 0.   ]",0.49636868317611516,0.4963779082754627,,,calvin,/Users/tomroper/Documents/Leaving Variability/Patch/calvin/C130401/C130401.2.C.mat,C130401,2,calvin|C130401|2|119
4526,120,left,5,stay,yes,0.14799999999999996,none,30,0.05,0.1,2147483647,1,3,5,65,0.4,"[0.2   0.187 0.174 0.161 0.148 0.135 0.122 0.109 0.096 0.083 0.07  0.057
 0.044 0.031 0.018 0.005 0.   ]",0.4964033239521086,0.4964119881624356,,,calvin,/Users/tomroper/Documents/Leaving Variability/Patch/calvin/C130401/C130401.2.C.mat,C130401,2,calvin|C130401|2|120
4527,121,left,5,stay,yes,0.13499999999999995,none,30,0.05,0.1,2147483647,1,3,5,65,0.4,"[0.2   0.187 0.174 0.161 0.148 0.135 0.122 0.109 0.096 0.083 0.07  0.057
 0.044 0.031 0.018 0.005 0.   ]",0.4964367621578276,0.49644486466422677,,,calvin,/Users/tomroper/Documents/Leaving Variability/Patch/calvin/C130401/C130401.2.C.mat,C130401,2,calvin|C130401|2|121
4528,122,left,5,stay,yes,0.12199999999999996,none,30,0.05,0.1,2147483647,1,3,5,65,0.4,"[0.2   0.187 0.174 0.161 0.148 0.135 0.122 0.109 0.096 0.083 0.07  0.057
 0.044 0.031 0.018 0.005 0.   ]",0.49653824500273913,0.49654713505879045,,,calvin,/Users/tomroper/Documents/Leaving Variability/Patch/calvin/C130401/C130401.2.C.mat,C130401,2,calvin|C130401|2|122
4529,123,left,5,stay,yes,0.10899999999999996,none,30,0.05,0.1,2147483647,1,3,5,65,0.4,"[0.2   0.187 0.174 0.161 0.148 0.135 0.122 0.109 0.096 0.083 0.07  0.057
 0.044 0.031 0.018 0.005 0.   ]",0.49657543131615967,0.49658476922195405,,,calvin,/Users/tomroper/Documents/Leaving Variability/Patch/calvin/C130401/C130401.2.C.mat,C130401,2,calvin|C130401|2|123
4530,124,left,5,stay,yes,0.09599999999999996,none,30,0.05,0.1,2147483647,1,3,5,65,0.4,"[0.2   0.187 0.174 0.161 0.148 0.135 0.122 0.109 0.096 0.083 0.07  0.057
 0.044 0.031 0.018 0.005 0.   ]",0.4966453113593161,0.49665420094970614,,,calvin,/Users/tomroper/Documents/Leaving Variability/Patch/calvin/C130401/C130401.2.C.mat,C130401,2,calvin|C130401|2|124
4531,125,left,5,stay,yes,0.08299999999999996,none,30,0.05,0.1,2147483647,1,3,5,65,0.4,"[0.2   0.187 0.174 0.161 0.148 0.135 0.122 0.109 0.096 0.083 0.07  0.057
 0.044 0.031 0.018 0.005 0.   ]",0.4966797756496817,0.49668859713710845,,,calvin,/Users/tomroper/Documents/Leaving Variability/Patch/calvin/C130401/C130401.2.C.mat,C130401,2,calvin|C130401|2|125
4532,126,left,5,stay,yes,0.06999999999999997,none,30,0.05,0.1,2147483647,1,3,5,65,0.4,"[0.2   0.187 0.174 0.161 0.148 0.135 0.122 0.109 0.096 0.083 0.07  0.057
 0.044 0.031 0.018 0.005 0.   ]",0.49675288680009544,0.4967617286602035,,,calvin,/Users/tomroper/Documents/Leaving Variability/Patch/calvin/C130401/C130401.2.C.mat,C130401,2,calvin|C130401|2|126
4533,127,left,5,stay,yes,0.05699999999999997,none,30,0.05,0.1,2147483647,1,3,5,65,0.4,"[0.2   0.187 0.174 0.161 0.148 0.135 0.122 0.109 0.096 0.083 0.07  0.057
 0.044 0.031 0.018 0.005 0.   ]",0.4968351465649903,0.49684396118391305,,,calvin,/Users/tomroper/Documents/Leaving Variability/Patch/calvin/C130401/C130401.2.C.mat,C130401,2,calvin|C130401|2|127
4534,128,left,5,stay,yes,0.04399999999999997,none,30,0.05,0.1,2147483647,1,3,5,65,0.4,"[0.2   0.187 0.174 0.161 0.148 0.135 0.122 0.109 0.096 0.083 0.07  0.057
 0.044 0.031 0.018 0.005 0.   ]",0.49686534446664155,0.49687402439303696,,,calvin,/Users/tomroper/Documents/Leaving Variability/Patch/calvin/C130401/C130401.2.C.mat,C130401,2,calvin|C130401|2|128
4535,129,left,5,stay,yes,0.030999999999999972,none,30,0.05,0.1,2147483647,1,3,5,65,0.4,"[0.2   0.187 0.174 0.161 0.148 0.135 0.122 0.109 0.096 0.083 0.07  0.057
 0.044 0.031 0.018 0.005 0.   ]",0.4969035724643618,0.49691259500104934,,,calvin,/Users/tomroper/Documents/Leaving Variability/Patch/calvin/C130401/C130401.2.C.mat,C130401,2,calvin|C130401|2|129
4536,130,left,5,stay,yes,0.017999999999999974,none,30,0.05,0.1,2147483647,1,3,5,65,0.4,"[0.2   0.187 0.174 0.161 0.148 0.135 0.122 0.109 0.096 0.083 0.07  0.057
 0.044 0.031 0.018 0.005 0.   ]",0.49693803465925157,0.49694731330964714,,,calvin,/Users/tomroper/Documents/Leaving Variability/Patch/calvin/C130401/C130401.2.C.mat,C130401,2,calvin|C130401|2|130
4537,131,left,5,stay,yes,0.004999999999999975,none,30,0.05,0.1,2147483647,1,3,5,65,0.4,"[0.2   0.187 0.174 0.161 0.148 0.135 0.122 0.109 0.096 0.083 0.07  0.057
 0.044 0.031 0.018 0.005 0.   ]",0.4971318559255451,0.49714089767076075,,,calvin,/Users/tomroper/Documents/Leaving Variability/Patch/calvin/C130401/C130401.2.C.mat,C130401,2,calvin|C130401|2|131
4538,132,left,5,stay,yes,0.0,none,30,0.05,0.1,2147483647,1,3,5,65,0.4,"[0.2   0.187 0.174 0.161 0.148 0.135 0.122 0.109 0.096 0.083 0.07  0.057
 0.044 0.031 0.018 0.005 0.   ]",0.49717059859540313,0.497179173049517,,,calvin,/Users/tomroper/Documents/Leaving Variability/Patch/calvin/C130401/C130401.2.C.mat,C130401,2,calvin|C130401|2|132
4539,133,left,5,stay,yes,0.0,none,30,0.05,0.1,2147483647,1,3,5,65,0.4,"[0.2   0.187 0.174 0.161 0.148 0.135 0.122 0.109 0.096 0.083 0.07  0.057
 0.044 0.031 0.018 0.005 0.   ]",0.4971990043995902,0.49720769841223955,,,calvin,/Users/tomroper/Documents/Leaving Variability/Patch/calvin/C130401/C130401.2.C.mat,C130401,2,calvin|C130401|2|133
4540,134,left,5,leave,no,0.0,none,30,0.05,0.1,2147483647,1,3,5,65,0.4,"[0.2   0.187 0.174 0.161 0.148 0.135 0.122 0.109 0.096 0.083 0.07  0.057
 0.044 0.031 0.018 0.005 0.   ]",0.4972267198609188,0.4973383981268853,,,calvin,/Users/tomroper/Documents/Leaving Variability/Patch/calvin/C130401/C130401.2.C.mat,C130401,2,calvin|C130401|2|134
4541,135,right,5,leave,no,0.0,none,30,0.05,0.1,2147483647,1,3,5,65,0.4,"[0.2   0.187 0.174 0.161 0.148 0.135 0.122 0.109 0.096 0.083 0.07  0.057
 0.044 0.031 0.018 0.005 0.   ]",0.4973681989358738,0.49748124089092016,,,calvin,/Users/tomroper/Documents/Leaving Variability/Patch/calvin/C130401/C130401.2.C.mat,C130401,2,calvin|C130401|2|135
4542,136,left,5,stay,yes,0.2,none,30,0.05,0.1,2147483647,1,3,5,65,0.4,"[0.2   0.187 0.174 0.161 0.148 0.135 0.122 0.109 0.096 0.083 0.07  0.057
 0.044 0.031 0.018 0.005 0.   ]",0.4976859677117318,0.497695344616659,,,calvin,/Users/tomroper/Documents/Leaving Variability/Patch/calvin/C130401/C130401.2.C.mat,C130401,2,calvin|C130401|2|136
4543,137,left,5,stay,yes,0.187,none,30,0.05,0.1,2147483647,1,3,5,65,0.4,"[0.2   0.187 0.174 0.161 0.148 0.135 0.122 0.109 0.096 0.083 0.07  0.057
 0.044 0.031 0.018 0.005 0.   ]",0.4977696229470894,0.49777832883410156,,,calvin,/Users/tomroper/Documents/Leaving Variability/Patch/calvin/C130401/C130401.2.C.mat,C130401,2,calvin|C130401|2|137
4544,138,left,5,stay,yes,0.174,none,30,0.05,0.1,2147483647,1,3,5,65,0.4,"[0.2   0.187 0.174 0.161 0.148 0.135 0.122 0.109 0.096 0.083 0.07  0.057
 0.044 0.031 0.018 0.005 0.   ]",0.4978288895217702,0.4978378829546273,,,calvin,/Users/tomroper/Documents/Leaving Variability/Patch/calvin/C130401/C130401.2.C.mat,C130401,2,calvin|C130401|2|138
4545,139,left,5,leave,no,0.0,none,30,0.05,0.1,2147483647,1,3,5,65,0.4,"[0.2   0.187 0.174 0.161 0.148 0.135 0.122 0.109 0.096 0.083 0.07  0.057
 0.044 0.031 0.018 0.005 0.   ]",0.49792128789704293,0.4980336695443839,,,calvin,/Users/tomroper/Documents/Leaving Variability/Patch/calvin/C130401/C130401.2.C.mat,C130401,2,calvin|C130401|2|139
4546,140,right,5,leave,no,0.0,none,30,0.05,0.1,2147483647,1,3,5,65,0.4,"[0.2   0.187 0.174 0.161 0.148 0.135 0.122 0.109 0.096 0.083 0.07  0.057
 0.044 0.031 0.018 0.005 0.   ]",0.4980533964699134,0.49816557415761054,,,calvin,/Users/tomroper/Documents/Leaving Variability/Patch/calvin/C130401/C130401.2.C.mat,C130401,2,calvin|C130401|2|140
4547,141,left,5,stay,yes,0.2,none,30,0.05,0.1,2147483647,1,3,5,65,0.4,"[0.2   0.187 0.174 0.161 0.148 0.135 0.122 0.109 0.096 0.083 0.07  0.057
 0.044 0.031 0.018 0.005 0.   ]",0.4984454810619354,0.4984543143073097,,,calvin,/Users/tomroper/Documents/Leaving Variability/Patch/calvin/C130401/C130401.2.C.mat,C130401,2,calvin|C130401|2|141
4548,142,left,5,stay,yes,0.187,none,30,0.05,0.1,2147483647,1,3,5,65,0.4,"[0.2   0.187 0.174 0.161 0.148 0.135 0.122 0.109 0.096 0.083 0.07  0.057
 0.044 0.031 0.018 0.005 0.   ]",0.4985974613809958,0.49860643746796995,,,calvin,/Users/tomroper/Documents/Leaving Variability/Patch/calvin/C130401/C130401.2.C.mat,C130401,2,calvin|C130401|2|142
4549,143,left,5,stay,yes,0.174,,30,0.05,0.1,2147483647,1,3,5,65,0.4,"[0.2   0.187 0.174 0.161 0.148 0.135 0.122 0.109 0.096 0.083 0.07  0.057
 0.044 0.031 0.018 0.005 0.   ]",0.4988449263619259,0.49885403527878225,noHold,,calvin,/Users/tomroper/Documents/Leaving Variability/Patch/calvin/C130401/C130401.2.C.mat,C130401,2,calvin|C130401|2|143
4550,144,left,5,leave,no,0.0,none,30,0.05,0.1,2147483647,1,3,5,65,0.4,"[0.2   0.187 0.174 0.161 0.148 0.135 0.122 0.109 0.096 0.083 0.07  0.057
 0.044 0.031 0.018 0.005 0.   ]",0.4990513848606497,0.49916352319996804,,,calvin,/Users/tomroper/Documents/Leaving Variability/Patch/calvin/C130401/C130401.2.C.mat,C130401,2,calvin|C130401|2|144
4551,145,right,5,stay,yes,0.2,,30,0.05,0.1,2147483647,1,3,5,65,0.4,"[0.2   0.187 0.174 0.161 0.148 0.135 0.122 0.109 0.096 0.083 0.07  0.057
 0.044 0.031 0.018 0.005 0.   ]",0.49974272667896,0.4997515456052497,noInitiate,,calvin,/Users/tomroper/Documents/Leaving Variability/Patch/calvin/C130401/C130401.2.C.mat,C130401,2,calvin|C130401|2|145
4552,146,right,5,stay,yes,0.187,none,30,0.05,0.1,2147483647,1,3,5,65,0.4,"[0.2   0.187 0.174 0.161 0.148 0.135 0.122 0.109 0.096 0.083 0.07  0.057
 0.044 0.031 0.018 0.005 0.   ]",0.49981315608602017,0.499822199693881,,,calvin,/Users/tomroper/Documents/Leaving Variability/Patch/calvin/C130401/C130401.2.C.mat,C130401,2,calvin|C130401|2|146
4553,147,right,5,leave,no,0.0,none,30,0.05,0.1,2147483647,1,3,5,65,0.4,"[0.2   0.187 0.174 0.161 0.148 0.135 0.122 0.109 0.096 0.083 0.07  0.057
 0.044 0.031 0.018 0.005 0.   ]",0.49985509528778493,0.49996863189153373,,,calvin,/Users/tomroper/Documents/Leaving Variability/Patch/calvin/C130401/C130401.2.C.mat,C130401,2,calvin|C130401|2|147
4554,148,left,5,leave,no,0.0,none,30,0.05,0.1,2147483647,1,3,5,65,0.4,"[0.2   0.187 0.174 0.161 0.148 0.135 0.122 0.109 0.096 0.083 0.07  0.057
 0.044 0.031 0.018 0.005 0.   ]",0.5000614658929408,0.5001756678102538,,,calvin,/Users/tomroper/Documents/Leaving Variability/Patch/calvin/C130401/C130401.2.C.mat,C130401,2,calvin|C130401|2|148
4555,149,right,5,leave,no,0.0,none,30,0.05,0.1,2147483647,1,3,5,65,0.4,"[0.2   0.187 0.174 0.161 0.148 0.135 0.122 0.109 0.096 0.083 0.07  0.057
 0.044 0.031 0.018 0.005 0.   ]",0.5001946196425706,0.5003066322533414,,,calvin,/Users/tomroper/Documents/Leaving Variability/Patch/calvin/C130401/C130401.2.C.mat,C130401,2,calvin|C130401|2|149
4556,150,left,5,stay,yes,0.2,none,30,0.05,0.1,2147483647,1,3,5,65,0.4,"[0.2   0.187 0.174 0.161 0.148 0.135 0.122 0.109 0.096 0.083 0.07  0.057
 0.044 0.031 0.018 0.005 0.   ]",0.5003263571998104,0.5003349967300892,,,calvin,/Users/tomroper/Documents/Leaving Variability/Patch/calvin/C130401/C130401.2.C.mat,C130401,2,calvin|C130401|2|150
4557,151,left,5,stay,yes,0.187,none,30,0.05,0.1,2147483647,1,3,5,65,0.4,"[0.2   0.187 0.174 0.161 0.148 0.135 0.122 0.109 0.096 0.083 0.07  0.057
 0.044 0.031 0.018 0.005 0.   ]",0.5003548478707671,0.500363826751709,,,calvin,/Users/tomroper/Documents/Leaving Variability/Patch/calvin/C130401/C130401.2.C.mat,C130401,2,calvin|C130401|2|151
4558,152,left,5,stay,yes,0.174,none,30,0.05,0.1,2147483647,1,3,5,65,0.4,"[0.2   0.187 0.174 0.161 0.148 0.135 0.122 0.109 0.096 0.083 0.07  0.057
 0.044 0.031 0.018 0.005 0.   ]",0.5003848877968267,0.500393750728108,,,calvin,/Users/tomroper/Documents/Leaving Variability/Patch/calvin/C130401/C130401.2.C.mat,C130401,2,calvin|C130401|2|152
4559,153,left,5,stay,yes,0.16099999999999998,none,30,0.05,0.1,2147483647,1,3,5,65,0.4,"[0.2   0.187 0.174 0.161 0.148 0.135 0.122 0.109 0.096 0.083 0.07  0.057
 0.044 0.031 0.018 0.005 0.   ]",0.5004150617169216,0.5004235331434757,,,calvin,/Users/tomroper/Documents/Leaving Variability/Patch/calvin/C130401/C130401.2.C.mat,C130401,2,calvin|C130401|2|153
4560,154,left,5,stay,yes,0.14799999999999996,none,30,0.05,0.1,2147483647,1,3,5,65,0.4,"[0.2   0.187 0.174 0.161 0.148 0.135 0.122 0.109 0.096 0.083 0.07  0.057
 0.044 0.031 0.018 0.005 0.   ]",0.500444185687229,0.5004530001897365,,,calvin,/Users/tomroper/Documents/Leaving Variability/Patch/calvin/C130401/C130401.2.C.mat,C130401,2,calvin|C130401|2|154
4561,155,left,5,stay,yes,0.13499999999999995,none,30,0.05,0.1,2147483647,1,3,5,65,0.4,"[0.2   0.187 0.174 0.161 0.148 0.135 0.122 0.109 0.096 0.083 0.07  0.057
 0.044 0.031 0.018 0.005 0.   ]",0.5004742493620142,0.500483394251205,,,calvin,/Users/tomroper/Documents/Leaving Variability/Patch/calvin/C130401/C130401.2.C.mat,C130401,2,calvin|C130401|2|155
4562,156,left,5,stay,yes,0.12199999999999996,none,30,0.05,0.1,2147483647,1,3,5,65,0.4,"[0.2   0.187 0.174 0.161 0.148 0.135 0.122 0.109 0.096 0.083 0.07  0.057
 0.044 0.031 0.018 0.005 0.   ]",0.5005168513162062,0.5005258014425635,,,calvin,/Users/tomroper/Documents/Leaving Variability/Patch/calvin/C130401/C130401.2.C.mat,C130401,2,calvin|C130401|2|156
4563,157,left,5,leave,no,0.0,none,30,0.05,0.1,2147483647,1,3,5,65,0.4,"[0.2   0.187 0.174 0.161 0.148 0.135 0.122 0.109 0.096 0.083 0.07  0.057
 0.044 0.031 0.018 0.005 0.   ]",0.500611791620031,0.5007212969940156,,,calvin,/Users/tomroper/Documents/Leaving Variability/Patch/calvin/C130401/C130401.2.C.mat,C130401,2,calvin|C130401|2|157
4564,158,right,5,leave,no,0.0,none,30,0.05,0.1,2147483647,1,3,5,65,0.4,"[0.2   0.187 0.174 0.161 0.148 0.135 0.122 0.109 0.096 0.083 0.07  0.057
 0.044 0.031 0.018 0.005 0.   ]",0.5007413824787363,0.5008538122056052,,,calvin,/Users/tomroper/Documents/Leaving Variability/Patch/calvin/C130401/C130401.2.C.mat,C130401,2,calvin|C130401|2|158
4565,159,left,5,leave,no,0.0,none,30,0.05,0.1,2147483647,1,3,5,65,0.4,"[0.2   0.187 0.174 0.161 0.148 0.135 0.122 0.109 0.096 0.083 0.07  0.057
 0.044 0.031 0.018 0.005 0.   ]",0.5008750736014917,0.5009880178840831,,,calvin,/Users/tomroper/Documents/Leaving Variability/Patch/calvin/C130401/C130401.2.C.mat,C130401,2,calvin|C130401|2|159
4566,160,right,5,stay,yes,0.2,none,30,0.05,0.1,2147483647,1,3,5,65,0.4,"[0.2   0.187 0.174 0.161 0.148 0.135 0.122 0.109 0.096 0.083 0.07  0.057
 0.044 0.031 0.018 0.005 0.   ]",0.501068142708391,0.5010774793336168,,,calvin,/Users/tomroper/Documents/Leaving Variability/Patch/calvin/C130401/C130401.2.C.mat,C130401,2,calvin|C130401|2|160
4567,161,right,5,leave,no,0.0,none,30,0.05,0.1,2147483647,1,3,5,65,0.4,"[0.2   0.187 0.174 0.161 0.148 0.135 0.122 0.109 0.096 0.083 0.07  0.057
 0.044 0.031 0.018 0.005 0.   ]",0.5011006841668859,0.5012135638389736,,,calvin,/Users/tomroper/Documents/Leaving Variability/Patch/calvin/C130401/C130401.2.C.mat,C130401,2,calvin|C130401|2|161
4568,162,left,5,leave,no,0.0,none,30,0.05,0.1,2147483647,1,3,5,65,0.4,"[0.2   0.187 0.174 0.161 0.148 0.135 0.122 0.109 0.096 0.083 0.07  0.057
 0.044 0.031 0.018 0.005 0.   ]",0.5012846530880779,0.501396985608153,,,calvin,/Users/tomroper/Documents/Leaving Variability/Patch/calvin/C130401/C130401.2.C.mat,C130401,2,calvin|C130401|2|162
4569,163,right,5,leave,no,0.0,none,30,0.05,0.1,2147483647,1,3,5,65,0.4,"[0.2   0.187 0.174 0.161 0.148 0.135 0.122 0.109 0.096 0.083 0.07  0.057
 0.044 0.031 0.018 0.005 0.   ]",0.5014193787937984,0.501531349378638,,,calvin,/Users/tomroper/Documents/Leaving Variability/Patch/calvin/C130401/C130401.2.C.mat,C130401,2,calvin|C130401|2|163
4570,164,left,5,leave,no,0.0,none,30,0.05,0.1,2147483647,1,3,5,65,0.4,"[0.2   0.187 0.174 0.161 0.148 0.135 0.122 0.109 0.096 0.083 0.07  0.057
 0.044 0.031 0.018 0.005 0.   ]",0.501639015856199,0.5017507127486169,,,calvin,/Users/tomroper/Documents/Leaving Variability/Patch/calvin/C130401/C130401.2.C.mat,C130401,2,calvin|C130401|2|164
4571,165,right,5,leave,no,0.0,none,30,0.05,0.1,2147483647,1,3,5,65,0.4,"[0.2   0.187 0.174 0.161 0.148 0.135 0.122 0.109 0.096 0.083 0.07  0.057
 0.044 0.031 0.018 0.005 0.   ]",0.501819551223889,0.5019316584803164,,,calvin,/Users/tomroper/Documents/Leaving Variability/Patch/calvin/C130401/C130401.2.C.mat,C130401,2,calvin|C130401|2|165
4572,166,left,5,stay,yes,0.2,none,30,0.05,0.1,2147483647,1,3,5,65,0.4,"[0.2   0.187 0.174 0.161 0.148 0.135 0.122 0.109 0.096 0.083 0.07  0.057
 0.044 0.031 0.018 0.005 0.   ]",0.5019795327680185,0.5019888831302524,,,calvin,/Users/tomroper/Documents/Leaving Variability/Patch/calvin/C130401/C130401.2.C.mat,C130401,2,calvin|C130401|2|166
4573,167,left,5,stay,yes,0.187,,30,0.05,0.1,2147483647,1,3,5,65,0.4,"[0.2   0.187 0.174 0.161 0.148 0.135 0.122 0.109 0.096 0.083 0.07  0.057
 0.044 0.031 0.018 0.005 0.   ]",0.5031160451471806,0.5031247386941686,noHold,,calvin,/Users/tomroper/Documents/Leaving Variability/Patch/calvin/C130401/C130401.2.C.mat,C130401,2,calvin|C130401|2|167
4574,168,left,5,stay,yes,0.174,none,30,0.05,0.1,2147483647,1,3,5,65,0.4,"[0.2   0.187 0.174 0.161 0.148 0.135 0.122 0.109 0.096 0.083 0.07  0.057
 0.044 0.031 0.018 0.005 0.   ]",0.5036344260443002,0.5036433708155528,,,calvin,/Users/tomroper/Documents/Leaving Variability/Patch/calvin/C130401/C130401.2.C.mat,C130401,2,calvin|C130401|2|168
4575,169,left,5,leave,no,0.0,none,30,0.05,0.1,2147483647,1,3,5,65,0.4,"[0.2   0.187 0.174 0.161 0.148 0.135 0.122 0.109 0.096 0.083 0.07  0.057
 0.044 0.031 0.018 0.005 0.   ]",0.5037280294345692,0.5038407101528719,,,calvin,/Users/tomroper/Documents/Leaving Variability/Patch/calvin/C130401/C130401.2.C.mat,C130401,2,calvin|C130401|2|169
4576,170,right,5,stay,yes,0.2,none,30,0.05,0.1,2147483647,1,3,5,65,0.4,"[0.2   0.187 0.174 0.161 0.148 0.135 0.122 0.109 0.096 0.083 0.07  0.057
 0.044 0.031 0.018 0.005 0.   ]",0.5040290327742696,0.5040378549601883,,,calvin,/Users/tomroper/Documents/Leaving Variability/Patch/calvin/C130401/C130401.2.C.mat,C130401,2,calvin|C130401|2|170
4577,171,right,5,leave,no,0.0,none,30,0.05,0.1,2147483647,1,3,5,65,0.4,"[0.2   0.187 0.174 0.161 0.148 0.135 0.122 0.109 0.096 0.083 0.07  0.057
 0.044 0.031 0.018 0.005 0.   ]",0.5040599415078759,0.5041739266598597,,,calvin,/Users/tomroper/Documents/Leaving Variability/Patch/calvin/C130401/C130401.2.C.mat,C130401,2,calvin|C130401|2|171
4578,172,left,5,stay,yes,0.2,none,30,0.05,0.1,2147483647,1,3,5,65,0.4,"[0.2   0.187 0.174 0.161 0.148 0.135 0.122 0.109 0.096 0.083 0.07  0.057
 0.044 0.031 0.018 0.005 0.   ]",0.5044778652954847,0.5044867444084957,,,calvin,/Users/tomroper/Documents/Leaving Variability/Patch/calvin/C130401/C130401.2.C.mat,C130401,2,calvin|C130401|2|172
4579,173,left,5,stay,yes,0.187,none,30,0.05,0.1,2147483647,1,3,5,65,0.4,"[0.2   0.187 0.174 0.161 0.148 0.135 0.122 0.109 0.096 0.083 0.07  0.057
 0.044 0.031 0.018 0.005 0.   ]",0.5045099016278982,0.5045188359217718,,,calvin,/Users/tomroper/Documents/Leaving Variability/Patch/calvin/C130401/C130401.2.C.mat,C130401,2,calvin|C130401|2|173
4580,174,left,5,stay,yes,0.174,none,30,0.05,0.1,2147483647,1,3,5,65,0.4,"[0.2   0.187 0.174 0.161 0.148 0.135 0.122 0.109 0.096 0.083 0.07  0.057
 0.044 0.031 0.018 0.005 0.   ]",0.5045807400019839,0.504589665797539,,,calvin,/Users/tomroper/Documents/Leaving Variability/Patch/calvin/C130401/C130401.2.C.mat,C130401,2,calvin|C130401|2|174
4581,175,left,5,leave,no,0.0,none,30,0.05,0.1,2147483647,1,3,5,65,0.4,"[0.2   0.187 0.174 0.161 0.148 0.135 0.122 0.109 0.096 0.083 0.07  0.057
 0.044 0.031 0.018 0.005 0.   ]",0.504630706156604,0.5047448779223487,,,calvin,/Users/tomroper/Documents/Leaving Variability/Patch/calvin/C130401/C130401.2.C.mat,C130401,2,calvin|C130401|2|175
4582,176,right,5,leave,no,0.0,none,30,0.05,0.1,2147483647,1,3,5,65,0.4,"[0.2   0.187 0.174 0.161 0.148 0.135 0.122 0.109 0.096 0.083 0.07  0.057
 0.044 0.031 0.018 0.005 0.   ]",0.5047723748721182,0.5048857247456908,,,calvin,/Users/tomroper/Documents/Leaving Variability/Patch/calvin/C130401/C130401.2.C.mat,C130401,2,calvin|C130401|2|176
4583,177,left,5,leave,no,0.0,none,30,0.05,0.1,2147483647,1,3,5,65,0.4,"[0.2   0.187 0.174 0.161 0.148 0.135 0.122 0.109 0.096 0.083 0.07  0.057
 0.044 0.031 0.018 0.005 0.   ]",0.5049189343117177,0.5050325760385022,,,calvin,/Users/tomroper/Documents/Leaving Variability/Patch/calvin/C130401/C130401.2.C.mat,C130401,2,calvin|C130401|2|177
4584,178,right,5,leave,no,0.0,none,30,0.05,0.1,2147483647,1,3,5,65,0.4,"[0.2   0.187 0.174 0.161 0.148 0.135 0.122 0.109 0.096 0.083 0.07  0.057
 0.044 0.031 0.018 0.005 0.   ]",0.505081572686322,0.5051953291986138,,,calvin,/Users/tomroper/Documents/Leaving Variability/Patch/calvin/C130401/C130401.2.C.mat,C130401,2,calvin|C130401|2|178
4585,179,left,5,leave,no,0.0,none,30,0.05,0.1,2147483647,1,3,5,65,0.4,"[0.2   0.187 0.174 0.161 0.148 0.135 0.122 0.109 0.096 0.083 0.07  0.057
 0.044 0.031 0.018 0.005 0.   ]",0.5052683183457702,0.5053835373837501,,,calvin,/Users/tomroper/Documents/Leaving Variability/Patch/calvin/C130401/C130401.2.C.mat,C130401,2,calvin|C130401|2|179
4586,180,right,5,leave,no,0.0,none,30,0.05,0.1,2147483647,1,3,5,65,0.4,"[0.2   0.187 0.174 0.161 0.148 0.135 0.122 0.109 0.096 0.083 0.07  0.057
 0.044 0.031 0.018 0.005 0.   ]",0.5054895189823583,0.5056024449877441,,,calvin,/Users/tomroper/Documents/Leaving Variability/Patch/calvin/C130401/C130401.2.C.mat,C130401,2,calvin|C130401|2|180
4587,181,left,5,stay,yes,0.2,none,30,0.05,0.1,2147483647,1,3,5,65,0.4,"[0.2   0.187 0.174 0.161 0.148 0.135 0.122 0.109 0.096 0.083 0.07  0.057
 0.044 0.031 0.018 0.005 0.   ]",0.5056333653628826,0.505642204079777,,,calvin,/Users/tomroper/Documents/Leaving Variability/Patch/calvin/C130401/C130401.2.C.mat,C130401,2,calvin|C130401|2|181
4588,182,left,5,stay,yes,0.187,none,30,0.05,0.1,2147483647,1,3,5,65,0.4,"[0.2   0.187 0.174 0.161 0.148 0.135 0.122 0.109 0.096 0.083 0.07  0.057
 0.044 0.031 0.018 0.005 0.   ]",0.5056642610579729,0.5056726011680439,,,calvin,/Users/tomroper/Documents/Leaving Variability/Patch/calvin/C130401/C130401.2.C.mat,C130401,2,calvin|C130401|2|182
4589,183,left,5,stay,yes,0.174,none,30,0.05,0.1,2147483647,1,3,5,65,0.4,"[0.2   0.187 0.174 0.161 0.148 0.135 0.122 0.109 0.096 0.083 0.07  0.057
 0.044 0.031 0.018 0.005 0.   ]",0.5056921209907159,0.5057008285075426,,,calvin,/Users/tomroper/Documents/Leaving Variability/Patch/calvin/C130401/C130401.2.C.mat,C130401,2,calvin|C130401|2|183
4590,184,left,5,leave,no,0.0,none,30,0.05,0.1,2147483647,1,3,5,65,0.4,"[0.2   0.187 0.174 0.161 0.148 0.135 0.122 0.109 0.096 0.083 0.07  0.057
 0.044 0.031 0.018 0.005 0.   ]",0.5057985330931842,0.505910039646551,,,calvin,/Users/tomroper/Documents/Leaving Variability/Patch/calvin/C130401/C130401.2.C.mat,C130401,2,calvin|C130401|2|184
4591,185,right,5,stay,yes,0.2,none,30,0.05,0.1,2147483647,1,3,5,65,0.4,"[0.2   0.187 0.174 0.161 0.148 0.135 0.122 0.109 0.096 0.083 0.07  0.057
 0.044 0.031 0.018 0.005 0.   ]",0.5059340755688027,0.5059431697009131,,,calvin,/Users/tomroper/Documents/Leaving Variability/Patch/calvin/C130401/C130401.2.C.mat,C130401,2,calvin|C130401|2|185
4592,186,right,5,leave,no,0.0,none,30,0.05,0.1,2147483647,1,3,5,65,0.4,"[0.2   0.187 0.174 0.161 0.148 0.135 0.122 0.109 0.096 0.083 0.07  0.057
 0.044 0.031 0.018 0.005 0.   ]",0.5059664793079719,0.5060799153288826,,,calvin,/Users/tomroper/Documents/Leaving Variability/Patch/calvin/C130401/C130401.2.C.mat,C130401,2,calvin|C130401|2|186
4593,187,left,5,stay,yes,0.2,none,30,0.05,0.1,2147483647,1,3,5,65,0.4,"[0.2   0.187 0.174 0.161 0.148 0.135 0.122 0.109 0.096 0.083 0.07  0.057
 0.044 0.031 0.018 0.005 0.   ]",0.5061239515198395,0.5061330893076956,,,calvin,/Users/tomroper/Documents/Leaving Variability/Patch/calvin/C130401/C130401.2.C.mat,C130401,2,calvin|C130401|2|187
4594,188,left,5,stay,yes,0.187,none,30,0.05,0.1,2147483647,1,3,5,65,0.4,"[0.2   0.187 0.174 0.161 0.148 0.135 0.122 0.109 0.096 0.083 0.07  0.057
 0.044 0.031 0.018 0.005 0.   ]",0.506201445357874,0.5062105203978717,,,calvin,/Users/tomroper/Documents/Leaving Variability/Patch/calvin/C130401/C130401.2.C.mat,C130401,2,calvin|C130401|2|188
4595,189,left,5,stay,yes,0.174,none,30,0.05,0.1,2147483647,1,3,5,65,0.4,"[0.2   0.187 0.174 0.161 0.148 0.135 0.122 0.109 0.096 0.083 0.07  0.057
 0.044 0.031 0.018 0.005 0.   ]",0.5062582606915385,0.5062673017382622,,,calvin,/Users/tomroper/Documents/Leaving Variability/Patch/calvin/C130401/C130401.2.C.mat,C130401,2,calvin|C130401|2|189
4596,190,left,5,stay,yes,0.16099999999999998,none,30,0.05,0.1,2147483647,1,3,5,65,0.4,"[0.2   0.187 0.174 0.161 0.148 0.135 0.122 0.109 0.096 0.083 0.07  0.057
 0.044 0.031 0.018 0.005 0.   ]",0.5063543432625011,0.5063634088728577,,,calvin,/Users/tomroper/Documents/Leaving Variability/Patch/calvin/C130401/C130401.2.C.mat,C130401,2,calvin|C130401|2|190
4597,191,left,5,stay,yes,0.14799999999999996,none,30,0.05,0.1,2147483647,1,3,5,65,0.4,"[0.2   0.187 0.174 0.161 0.148 0.135 0.122 0.109 0.096 0.083 0.07  0.057
 0.044 0.031 0.018 0.005 0.   ]",0.5064016521209851,0.5064104419434443,,,calvin,/Users/tomroper/Documents/Leaving Variability/Patch/calvin/C130401/C130401.2.C.mat,C130401,2,calvin|C130401|2|191
4598,192,left,5,leave,no,0.0,none,30,0.05,0.1,2147483647,1,3,5,65,0.4,"[0.2   0.187 0.174 0.161 0.148 0.135 0.122 0.109 0.096 0.083 0.07  0.057
 0.044 0.031 0.018 0.005 0.   ]",0.5064812882337719,0.5065948395058513,,,calvin,/Users/tomroper/Documents/Leaving Variability/Patch/calvin/C130401/C130401.2.C.mat,C130401,2,calvin|C130401|2|192
4599,193,right,5,leave,no,0.0,none,30,0.05,0.1,2147483647,1,3,5,65,0.4,"[0.2   0.187 0.174 0.161 0.148 0.135 0.122 0.109 0.096 0.083 0.07  0.057
 0.044 0.031 0.018 0.005 0.   ]",0.5067022814182565,0.5068163458490744,,,calvin,/Users/tomroper/Documents/Leaving Variability/Patch/calvin/C130401/C130401.2.C.mat,C130401,2,calvin|C130401|2|193
4600,194,left,5,stay,yes,0.2,none,30,0.05,0.1,2147483647,1,3,5,65,0.4,"[0.2   0.187 0.174 0.161 0.148 0.135 0.122 0.109 0.096 0.083 0.07  0.057
 0.044 0.031 0.018 0.005 0.   ]",0.5068588072899729,0.506868154508993,,,calvin,/Users/tomroper/Documents/Leaving Variability/Patch/calvin/C130401/C130401.2.C.mat,C130401,2,calvin|C130401|2|194
4601,195,left,5,stay,yes,0.187,none,30,0.05,0.1,2147483647,1,3,5,65,0.4,"[0.2   0.187 0.174 0.161 0.148 0.135 0.122 0.109 0.096 0.083 0.07  0.057
 0.044 0.031 0.018 0.005 0.   ]",0.5068972691660747,0.5069065686548129,,,calvin,/Users/tomroper/Documents/Leaving Variability/Patch/calvin/C130401/C130401.2.C.mat,C130401,2,calvin|C130401|2|195
4602,196,left,5,stay,yes,0.174,none,30,0.05,0.1,2147483647,1,3,5,65,0.4,"[0.2   0.187 0.174 0.161 0.148 0.135 0.122 0.109 0.096 0.083 0.07  0.057
 0.044 0.031 0.018 0.005 0.   ]",0.5069283655611798,0.5069372649304569,,,calvin,/Users/tomroper/Documents/Leaving Variability/Patch/calvin/C130401/C130401.2.C.mat,C130401,2,calvin|C130401|2|196
4603,197,left,5,stay,yes,0.16099999999999998,none,30,0.05,0.1,2147483647,1,3,5,65,0.4,"[0.2   0.187 0.174 0.161 0.148 0.135 0.122 0.109 0.096 0.083 0.07  0.057
 0.044 0.031 0.018 0.005 0.   ]",0.5069694255944341,0.5069787747925147,,,calvin,/Users/tomroper/Documents/Leaving Variability/Patch/calvin/C130401/C130401.2.C.mat,C130401,2,calvin|C130401|2|197
4604,198,left,5,stay,yes,0.14799999999999996,none,30,0.05,0.1,2147483647,1,3,5,65,0.4,"[0.2   0.187 0.174 0.161 0.148 0.135 0.122 0.109 0.096 0.083 0.07  0.057
 0.044 0.031 0.018 0.005 0.   ]",0.5070582485059276,0.5070676188915968,,,calvin,/Users/tomroper/Documents/Leaving Variability/Patch/calvin/C130401/C130401.2.C.mat,C130401,2,calvin|C130401|2|198
4605,199,left,5,stay,yes,0.13499999999999995,none,30,0.05,0.1,2147483647,1,3,5,65,0.4,"[0.2   0.187 0.174 0.161 0.148 0.135 0.122 0.109 0.096 0.083 0.07  0.057
 0.044 0.031 0.018 0.005 0.   ]",0.5070952532114461,0.50710434676148,,,calvin,/Users/tomroper/Documents/Leaving Variability/Patch/calvin/C130401/C130401.2.C.mat,C130401,2,calvin|C130401|2|199
4606,200,left,5,leave,no,0.0,none,30,0.05,0.1,2147483647,1,3,5,65,0.4,"[0.2   0.187 0.174 0.161 0.148 0.135 0.122 0.109 0.096 0.083 0.07  0.057
 0.044 0.031 0.018 0.005 0.   ]",0.5071585566038266,0.5072715980932117,,,calvin,/Users/tomroper/Documents/Leaving Variability/Patch/calvin/C130401/C130401.2.C.mat,C130401,2,calvin|C130401|2|200
4607,201,right,5,leave,no,0.0,none,30,0.05,0.1,2147483647,1,3,5,65,0.4,"[0.2   0.187 0.174 0.161 0.148 0.135 0.122 0.109 0.096 0.083 0.07  0.057
 0.044 0.031 0.018 0.005 0.   ]",0.5073480433784425,0.50746135704685,,,calvin,/Users/tomroper/Documents/Leaving Variability/Patch/calvin/C130401/C130401.2.C.mat,C130401,2,calvin|C130401|2|201
4608,202,left,5,stay,yes,0.2,none,30,0.05,0.1,2147483647,1,3,5,65,0.4,"[0.2   0.187 0.174 0.161 0.148 0.135 0.122 0.109 0.096 0.083 0.07  0.057
 0.044 0.031 0.018 0.005 0.   ]",0.5075101146940142,0.5075187080074102,,,calvin,/Users/tomroper/Documents/Leaving Variability/Patch/calvin/C130401/C130401.2.C.mat,C130401,2,calvin|C130401|2|202
4609,203,left,5,stay,yes,0.187,none,30,0.05,0.1,2147483647,1,3,5,65,0.4,"[0.2   0.187 0.174 0.161 0.148 0.135 0.122 0.109 0.096 0.083 0.07  0.057
 0.044 0.031 0.018 0.005 0.   ]",0.5075431511504576,0.5075520310783759,,,calvin,/Users/tomroper/Documents/Leaving Variability/Patch/calvin/C130401/C130401.2.C.mat,C130401,2,calvin|C130401|2|203
4610,204,left,5,stay,yes,0.174,none,30,0.05,0.1,2147483647,1,3,5,65,0.4,"[0.2   0.187 0.174 0.161 0.148 0.135 0.122 0.109 0.096 0.083 0.07  0.057
 0.044 0.031 0.018 0.005 0.   ]",0.507612717570737,0.5076211445266381,,,calvin,/Users/tomroper/Documents/Leaving Variability/Patch/calvin/C130401/C130401.2.C.mat,C130401,2,calvin|C130401|2|204
4611,205,left,5,stay,yes,0.16099999999999998,none,30,0.05,0.1,2147483647,1,3,5,65,0.4,"[0.2   0.187 0.174 0.161 0.148 0.135 0.122 0.109 0.096 0.083 0.07  0.057
 0.044 0.031 0.018 0.005 0.   ]",0.5076878456166014,0.5076965754851699,,,calvin,/Users/tomroper/Documents/Leaving Variability/Patch/calvin/C130401/C130401.2.C.mat,C130401,2,calvin|C130401|2|205
4612,206,left,5,stay,yes,0.14799999999999996,none,30,0.05,0.1,2147483647,1,3,5,65,0.4,"[0.2   0.187 0.174 0.161 0.148 0.135 0.122 0.109 0.096 0.083 0.07  0.057
 0.044 0.031 0.018 0.005 0.   ]",0.507752492907457,0.5077616756316274,,,calvin,/Users/tomroper/Documents/Leaving Variability/Patch/calvin/C130401/C130401.2.C.mat,C130401,2,calvin|C130401|2|206
4613,207,left,5,stay,yes,0.13499999999999995,none,30,0.05,0.1,2147483647,1,3,5,65,0.4,"[0.2   0.187 0.174 0.161 0.148 0.135 0.122 0.109 0.096 0.083 0.07  0.057
 0.044 0.031 0.018 0.005 0.   ]",0.5078768999082968,0.5078858495689929,,,calvin,/Users/tomroper/Documents/Leaving Variability/Patch/calvin/C130401/C130401.2.C.mat,C130401,2,calvin|C130401|2|207
4614,208,left,5,leave,no,0.0,none,30,0.05,0.1,2147483647,1,3,5,65,0.4,"[0.2   0.187 0.174 0.161 0.148 0.135 0.122 0.109 0.096 0.083 0.07  0.057
 0.044 0.031 0.018 0.005 0.   ]",0.5079917255789042,0.5081043174723163,,,calvin,/Users/tomroper/Documents/Leaving Variability/Patch/calvin/C130401/C130401.2.C.mat,C130401,2,calvin|C130401|2|208
4615,209,right,5,leave,no,0.0,none,30,0.05,0.1,2147483647,1,3,5,65,0.4,"[0.2   0.187 0.174 0.161 0.148 0.135 0.122 0.109 0.096 0.083 0.07  0.057
 0.044 0.031 0.018 0.005 0.   ]",0.5081431420985609,0.5082558214198798,,,calvin,/Users/tomroper/Documents/Leaving Variability/Patch/calvin/C130401/C130401.2.C.mat,C130401,2,calvin|C130401|2|209
4616,210,left,5,leave,no,0.0,none,30,0.05,0.1,2147483647,1,3,5,65,0.4,"[0.2   0.187 0.174 0.161 0.148 0.135 0.122 0.109 0.096 0.083 0.07  0.057
 0.044 0.031 0.018 0.005 0.   ]",0.5082740469370037,0.5083850774681196,,,calvin,/Users/tomroper/Documents/Leaving Variability/Patch/calvin/C130401/C130401.2.C.mat,C130401,2,calvin|C130401|2|210
4617,211,right,5,leave,no,0.0,none,30,0.05,0.1,2147483647,1,3,5,65,0.4,"[0.2   0.187 0.174 0.161 0.148 0.135 0.122 0.109 0.096 0.083 0.07  0.057
 0.044 0.031 0.018 0.005 0.   ]",0.5085527171613649,0.5086632380262017,,,calvin,/Users/tomroper/Documents/Leaving Variability/Patch/calvin/C130401/C130401.2.C.mat,C130401,2,calvin|C130401|2|211
4618,212,left,5,leave,no,0.0,none,30,0.05,0.1,2147483647,1,3,5,65,0.4,"[0.2   0.187 0.174 0.161 0.148 0.135 0.122 0.109 0.096 0.083 0.07  0.057
 0.044 0.031 0.018 0.005 0.   ]",0.5086916459258646,0.5088029876351357,,,calvin,/Users/tomroper/Documents/Leaving Variability/Patch/calvin/C130401/C130401.2.C.mat,C130401,2,calvin|C130401|2|212
4619,213,right,5,leave,no,0.0,none,30,0.05,0.1,2147483647,1,3,5,65,0.4,"[0.2   0.187 0.174 0.161 0.148 0.135 0.122 0.109 0.096 0.083 0.07  0.057
 0.044 0.031 0.018 0.005 0.   ]",0.5088210692629218,0.508933351142332,,,calvin,/Users/tomroper/Documents/Leaving Variability/Patch/calvin/C130401/C130401.2.C.mat,C130401,2,calvin|C130401|2|213
4620,214,left,5,leave,no,0.0,,30,0.05,0.1,2147483647,1,3,5,65,0.4,"[0.2   0.187 0.174 0.161 0.148 0.135 0.122 0.109 0.096 0.083 0.07  0.057
 0.044 0.031 0.018 0.005 0.   ]",0.5101213738089427,0.5102338214637712,noInitiate,,calvin,/Users/tomroper/Documents/Leaving Variability/Patch/calvin/C130401/C130401.2.C.mat,C130401,2,calvin|C130401|2|214
4621,215,right,5,leave,no,0.0,none,30,0.05,0.1,2147483647,1,3,5,65,0.4,"[0.2   0.187 0.174 0.161 0.148 0.135 0.122 0.109 0.096 0.083 0.07  0.057
 0.044 0.031 0.018 0.005 0.   ]",0.5102611418114975,0.5103746555978432,,,calvin,/Users/tomroper/Documents/Leaving Variability/Patch/calvin/C130401/C130401.2.C.mat,C130401,2,calvin|C130401|2|215
4622,216,left,5,leave,no,0.0,none,30,0.05,0.1,2147483647,1,3,5,65,0.4,"[0.2   0.187 0.174 0.161 0.148 0.135 0.122 0.109 0.096 0.083 0.07  0.057
 0.044 0.031 0.018 0.005 0.   ]",0.510414338321425,0.5105273760855198,,,calvin,/Users/tomroper/Documents/Leaving Variability/Patch/calvin/C130401/C130401.2.C.mat,C130401,2,calvin|C130401|2|216
4623,217,right,5,stay,yes,0.2,none,30,0.05,0.1,2147483647,1,3,5,65,0.4,"[0.2   0.187 0.174 0.161 0.148 0.135 0.122 0.109 0.096 0.083 0.07  0.057
 0.044 0.031 0.018 0.005 0.   ]",0.510572055936791,0.5105815158458427,,,calvin,/Users/tomroper/Documents/Leaving Variability/Patch/calvin/C130401/C130401.2.C.mat,C130401,2,calvin|C130401|2|217
4624,218,right,5,leave,no,0.0,none,30,0.05,0.1,2147483647,1,3,5,65,0.4,"[0.2   0.187 0.174 0.161 0.148 0.135 0.122 0.109 0.096 0.083 0.07  0.057
 0.044 0.031 0.018 0.005 0.   ]",0.5106555924285203,0.5107657188782468,,,calvin,/Users/tomroper/Documents/Leaving Variability/Patch/calvin/C130401/C130401.2.C.mat,C130401,2,calvin|C130401|2|218
4625,219,left,5,stay,yes,0.2,none,30,0.05,0.1,2147483647,1,3,5,65,0.4,"[0.2   0.187 0.174 0.161 0.148 0.135 0.122 0.109 0.096 0.083 0.07  0.057
 0.044 0.031 0.018 0.005 0.   ]",0.5107855568639934,0.510794079513289,,,calvin,/Users/tomroper/Documents/Leaving Variability/Patch/calvin/C130401/C130401.2.C.mat,C130401,2,calvin|C130401|2|219
4626,220,left,5,stay,yes,0.187,none,30,0.05,0.1,2147483647,1,3,5,65,0.4,"[0.2   0.187 0.174 0.161 0.148 0.135 0.122 0.109 0.096 0.083 0.07  0.057
 0.044 0.031 0.018 0.005 0.   ]",0.5108502947259694,0.5108587145805359,,,calvin,/Users/tomroper/Documents/Leaving Variability/Patch/calvin/C130401/C130401.2.C.mat,C130401,2,calvin|C130401|2|220
4627,221,left,5,stay,yes,0.174,none,30,0.05,0.1,2147483647,1,3,5,65,0.4,"[0.2   0.187 0.174 0.161 0.148 0.135 0.122 0.109 0.096 0.083 0.07  0.057
 0.044 0.031 0.018 0.005 0.   ]",0.510892326477915,0.5109005216509104,,,calvin,/Users/tomroper/Documents/Leaving Variability/Patch/calvin/C130401/C130401.2.C.mat,C130401,2,calvin|C130401|2|221
4628,222,left,5,stay,yes,0.16099999999999998,none,30,0.05,0.1,2147483647,1,3,5,65,0.4,"[0.2   0.187 0.174 0.161 0.148 0.135 0.122 0.109 0.096 0.083 0.07  0.057
 0.044 0.031 0.018 0.005 0.   ]",0.5109243816696107,0.5109335473971441,,,calvin,/Users/tomroper/Documents/Leaving Variability/Patch/calvin/C130401/C130401.2.C.mat,C130401,2,calvin|C130401|2|222
4629,223,left,5,leave,no,0.0,none,30,0.05,0.1,2147483647,1,3,5,65,0.4,"[0.2   0.187 0.174 0.161 0.148 0.135 0.122 0.109 0.096 0.083 0.07  0.057
 0.044 0.031 0.018 0.005 0.   ]",0.5109550810884684,0.5110665352549404,,,calvin,/Users/tomroper/Documents/Leaving Variability/Patch/calvin/C130401/C130401.2.C.mat,C130401,2,calvin|C130401|2|223
4630,224,right,5,leave,no,0.0,none,30,0.05,0.1,2147483647,1,3,5,65,0.4,"[0.2   0.187 0.174 0.161 0.148 0.135 0.122 0.109 0.096 0.083 0.07  0.057
 0.044 0.031 0.018 0.005 0.   ]",0.5110879822168499,0.5112016836646944,,,calvin,/Users/tomroper/Documents/Leaving Variability/Patch/calvin/C130401/C130401.2.C.mat,C130401,2,calvin|C130401|2|224
4631,225,left,5,stay,yes,0.2,none,30,0.05,0.1,2147483647,1,3,5,65,0.4,"[0.2   0.187 0.174 0.161 0.148 0.135 0.122 0.109 0.096 0.083 0.07  0.057
 0.044 0.031 0.018 0.005 0.   ]",0.5112552769714966,0.5112645943881944,,,calvin,/Users/tomroper/Documents/Leaving Variability/Patch/calvin/C130401/C130401.2.C.mat,C130401,2,calvin|C130401|2|225
4632,226,left,5,leave,no,0.0,none,30,0.05,0.1,2147483647,1,3,5,65,0.4,"[0.2   0.187 0.174 0.161 0.148 0.135 0.122 0.109 0.096 0.083 0.07  0.057
 0.044 0.031 0.018 0.005 0.   ]",0.5112958927638829,0.5114083964144811,,,calvin,/Users/tomroper/Documents/Leaving Variability/Patch/calvin/C130401/C130401.2.C.mat,C130401,2,calvin|C130401|2|226
4633,227,right,5,leave,no,0.0,none,30,0.05,0.1,2147483647,1,3,5,65,0.4,"[0.2   0.187 0.174 0.161 0.148 0.135 0.122 0.109 0.096 0.083 0.07  0.057
 0.044 0.031 0.018 0.005 0.   ]",0.5114291025092825,0.5115406162803993,,,calvin,/Users/tomroper/Documents/Leaving Variability/Patch/calvin/C130401/C130401.2.C.mat,C130401,2,calvin|C130401|2|227
4634,228,left,5,leave,no,0.0,none,30,0.05,0.1,2147483647,1,3,5,65,0.4,"[0.2   0.187 0.174 0.161 0.148 0.135 0.122 0.109 0.096 0.083 0.07  0.057
 0.044 0.031 0.018 0.005 0.   ]",0.5116936997510493,0.5118065614951774,,,calvin,/Users/tomroper/Documents/Leaving Variability/Patch/calvin/C130401/C130401.2.C.mat,C130401,2,calvin|C130401|2|228
4635,229,right,5,leave,no,0.0,none,30,0.05,0.1,2147483647,1,3,5,65,0.4,"[0.2   0.187 0.174 0.161 0.148 0.135 0.122 0.109 0.096 0.083 0.07  0.057
 0.044 0.031 0.018 0.005 0.   ]",0.5118608759948984,0.5119744136463851,,,calvin,/Users/tomroper/Documents/Leaving Variability/Patch/calvin/C130401/C130401.2.C.mat,C130401,2,calvin|C130401|2|229
4636,230,left,5,stay,yes,0.2,none,30,0.05,0.1,2147483647,1,3,5,65,0.4,"[0.2   0.187 0.174 0.161 0.148 0.135 0.122 0.109 0.096 0.083 0.07  0.057
 0.044 0.031 0.018 0.005 0.   ]",0.5120165696134791,0.512025420088321,,,calvin,/Users/tomroper/Documents/Leaving Variability/Patch/calvin/C130401/C130401.2.C.mat,C130401,2,calvin|C130401|2|230
4637,231,left,5,stay,yes,0.187,none,30,0.05,0.1,2147483647,1,3,5,65,0.4,"[0.2   0.187 0.174 0.161 0.148 0.135 0.122 0.109 0.096 0.083 0.07  0.057
 0.044 0.031 0.018 0.005 0.   ]",0.51208603347186,0.5120948608964682,,,calvin,/Users/tomroper/Documents/Leaving Variability/Patch/calvin/C130401/C130401.2.C.mat,C130401,2,calvin|C130401|2|231
4638,232,left,5,stay,yes,0.174,none,30,0.05,0.1,2147483647,1,3,5,65,0.4,"[0.2   0.187 0.174 0.161 0.148 0.135 0.122 0.109 0.096 0.083 0.07  0.057
 0.044 0.031 0.018 0.005 0.   ]",0.5122355261119083,0.5122441774001345,,,calvin,/Users/tomroper/Documents/Leaving Variability/Patch/calvin/C130401/C130401.2.C.mat,C130401,2,calvin|C130401|2|232
4639,233,left,5,stay,yes,0.16099999999999998,none,30,0.05,0.1,2147483647,1,3,5,65,0.4,"[0.2   0.187 0.174 0.161 0.148 0.135 0.122 0.109 0.096 0.083 0.07  0.057
 0.044 0.031 0.018 0.005 0.   ]",0.512263894197531,0.5122730437433347,,,calvin,/Users/tomroper/Documents/Leaving Variability/Patch/calvin/C130401/C130401.2.C.mat,C130401,2,calvin|C130401|2|233
4640,234,left,5,leave,no,0.0,none,30,0.05,0.1,2147483647,1,3,5,65,0.4,"[0.2   0.187 0.174 0.161 0.148 0.135 0.122 0.109 0.096 0.083 0.07  0.057
 0.044 0.031 0.018 0.005 0.   ]",0.512307909084484,0.5124210193753242,,,calvin,/Users/tomroper/Documents/Leaving Variability/Patch/calvin/C130401/C130401.2.C.mat,C130401,2,calvin|C130401|2|234
4641,235,right,5,leave,no,0.0,none,30,0.05,0.1,2147483647,1,3,5,65,0.4,"[0.2   0.187 0.174 0.161 0.148 0.135 0.122 0.109 0.096 0.083 0.07  0.057
 0.044 0.031 0.018 0.005 0.   ]",0.5125194011488929,0.5126314123626798,,,calvin,/Users/tomroper/Documents/Leaving Variability/Patch/calvin/C130401/C130401.2.C.mat,C130401,2,calvin|C130401|2|235
4642,236,left,5,stay,yes,0.2,none,30,0.05,0.1,2147483647,1,3,5,65,0.4,"[0.2   0.187 0.174 0.161 0.148 0.135 0.122 0.109 0.096 0.083 0.07  0.057
 0.044 0.031 0.018 0.005 0.   ]",0.5126818781718612,0.5126909397076815,,,calvin,/Users/tomroper/Documents/Leaving Variability/Patch/calvin/C130401/C130401.2.C.mat,C130401,2,calvin|C130401|2|236
4643,237,left,5,stay,yes,0.187,none,30,0.05,0.1,2147483647,1,3,5,65,0.4,"[0.2   0.187 0.174 0.161 0.148 0.135 0.122 0.109 0.096 0.083 0.07  0.057
 0.044 0.031 0.018 0.005 0.   ]",0.5127134283538908,0.5127225533360615,,,calvin,/Users/tomroper/Documents/Leaving Variability/Patch/calvin/C130401/C130401.2.C.mat,C130401,2,calvin|C130401|2|237
4644,238,left,5,stay,yes,0.174,none,30,0.05,0.1,2147483647,1,3,5,65,0.4,"[0.2   0.187 0.174 0.161 0.148 0.135 0.122 0.109 0.096 0.083 0.07  0.057
 0.044 0.031 0.018 0.005 0.   ]",0.5127637420082465,0.5127730122767389,,,calvin,/Users/tomroper/Documents/Leaving Variability/Patch/calvin/C130401/C130401.2.C.mat,C130401,2,calvin|C130401|2|238
4645,239,left,5,stay,yes,0.16099999999999998,none,30,0.05,0.1,2147483647,1,3,5,65,0.4,"[0.2   0.187 0.174 0.161 0.148 0.135 0.122 0.109 0.096 0.083 0.07  0.057
 0.044 0.031 0.018 0.005 0.   ]",0.5128096198895946,0.512818208662793,,,calvin,/Users/tomroper/Documents/Leaving Variability/Patch/calvin/C130401/C130401.2.C.mat,C130401,2,calvin|C130401|2|239
4646,240,left,5,stay,yes,0.14799999999999996,none,30,0.05,0.1,2147483647,1,3,5,65,0.4,"[0.2   0.187 0.174 0.161 0.148 0.135 0.122 0.109 0.096 0.083 0.07  0.057
 0.044 0.031 0.018 0.005 0.   ]",0.5128404496936128,0.5128490614006296,,,calvin,/Users/tomroper/Documents/Leaving Variability/Patch/calvin/C130401/C130401.2.C.mat,C130401,2,calvin|C130401|2|240
4647,241,left,5,stay,yes,0.13499999999999995,none,30,0.05,0.1,2147483647,1,3,5,65,0.4,"[0.2   0.187 0.174 0.161 0.148 0.135 0.122 0.109 0.096 0.083 0.07  0.057
 0.044 0.031 0.018 0.005 0.   ]",0.5128857487579808,0.5128944329917431,,,calvin,/Users/tomroper/Documents/Leaving Variability/Patch/calvin/C130401/C130401.2.C.mat,C130401,2,calvin|C130401|2|241
4648,242,left,5,stay,yes,0.12199999999999996,none,30,0.05,0.1,2147483647,1,3,5,65,0.4,"[0.2   0.187 0.174 0.161 0.148 0.135 0.122 0.109 0.096 0.083 0.07  0.057
 0.044 0.031 0.018 0.005 0.   ]",0.5129674089839682,0.5129760160343722,,,calvin,/Users/tomroper/Documents/Leaving Variability/Patch/calvin/C130401/C130401.2.C.mat,C130401,2,calvin|C130401|2|242
4649,243,left,5,stay,yes,0.10899999999999996,none,30,0.05,0.1,2147483647,1,3,5,65,0.4,"[0.2   0.187 0.174 0.161 0.148 0.135 0.122 0.109 0.096 0.083 0.07  0.057
 0.044 0.031 0.018 0.005 0.   ]",0.5129985501989722,0.5130076531786472,,,calvin,/Users/tomroper/Documents/Leaving Variability/Patch/calvin/C130401/C130401.2.C.mat,C130401,2,calvin|C130401|2|243
4650,244,left,5,stay,yes,0.09599999999999996,none,30,0.05,0.1,2147483647,1,3,5,65,0.4,"[0.2   0.187 0.174 0.161 0.148 0.135 0.122 0.109 0.096 0.083 0.07  0.057
 0.044 0.031 0.018 0.005 0.   ]",0.5130292240064591,0.5130380464252084,,,calvin,/Users/tomroper/Documents/Leaving Variability/Patch/calvin/C130401/C130401.2.C.mat,C130401,2,calvin|C130401|2|244
4651,245,left,5,stay,yes,0.08299999999999996,none,30,0.05,0.1,2147483647,1,3,5,65,0.4,"[0.2   0.187 0.174 0.161 0.148 0.135 0.122 0.109 0.096 0.083 0.07  0.057
 0.044 0.031 0.018 0.005 0.   ]",0.513064026250504,0.5130733622936532,,,calvin,/Users/tomroper/Documents/Leaving Variability/Patch/calvin/C130401/C130401.2.C.mat,C130401,2,calvin|C130401|2|245
4652,246,left,5,stay,yes,0.06999999999999997,none,30,0.05,0.1,2147483647,1,3,5,65,0.4,"[0.2   0.187 0.174 0.161 0.148 0.135 0.122 0.109 0.096 0.083 0.07  0.057
 0.044 0.031 0.018 0.005 0.   ]",0.5130959767848253,0.513104681391269,,,calvin,/Users/tomroper/Documents/Leaving Variability/Patch/calvin/C130401/C130401.2.C.mat,C130401,2,calvin|C130401|2|246
4653,247,left,5,leave,no,0.0,none,30,0.05,0.1,2147483647,1,3,5,65,0.4,"[0.2   0.187 0.174 0.161 0.148 0.135 0.122 0.109 0.096 0.083 0.07  0.057
 0.044 0.031 0.018 0.005 0.   ]",0.5131462464341894,0.5132586695253849,,,calvin,/Users/tomroper/Documents/Leaving Variability/Patch/calvin/C130401/C130401.2.C.mat,C130401,2,calvin|C130401|2|247
4654,248,right,5,leave,no,0.0,none,30,0.05,0.1,2147483647,1,3,5,65,0.4,"[0.2   0.187 0.174 0.161 0.148 0.135 0.122 0.109 0.096 0.083 0.07  0.057
 0.044 0.031 0.018 0.005 0.   ]",0.5132789157796651,0.5133902531815693,,,calvin,/Users/tomroper/Documents/Leaving Variability/Patch/calvin/C130401/C130401.2.C.mat,C130401,2,calvin|C130401|2|248
4655,249,left,5,stay,yes,0.2,none,30,0.05,0.1,2147483647,1,3,5,65,0.4,"[0.2   0.187 0.174 0.161 0.148 0.135 0.122 0.109 0.096 0.083 0.07  0.057
 0.044 0.031 0.018 0.005 0.   ]",0.513415765017271,0.5134247939568013,,,calvin,/Users/tomroper/Documents/Leaving Variability/Patch/calvin/C130401/C130401.2.C.mat,C130401,2,calvin|C130401|2|249
4656,250,left,5,stay,yes,0.187,,30,0.05,0.1,2147483647,1,3,5,65,0.4,"[0.2   0.187 0.174 0.161 0.148 0.135 0.122 0.109 0.096 0.083 0.07  0.057
 0.044 0.031 0.018 0.005 0.   ]",0.5135125663364306,0.5135216638445854,noHold,,calvin,/Users/tomroper/Documents/Leaving Variability/Patch/calvin/C130401/C130401.2.C.mat,C130401,2,calvin|C130401|2|250
4657,251,left,5,stay,yes,0.174,none,30,0.05,0.1,2147483647,1,3,5,65,0.4,"[0.2   0.187 0.174 0.161 0.148 0.135 0.122 0.109 0.096 0.083 0.07  0.057
 0.044 0.031 0.018 0.005 0.   ]",0.5135534178698435,0.5135620745131746,,,calvin,/Users/tomroper/Documents/Leaving Variability/Patch/calvin/C130401/C130401.2.C.mat,C130401,2,calvin|C130401|2|251
4658,252,left,5,stay,yes,0.16099999999999998,none,30,0.05,0.1,2147483647,1,3,5,65,0.4,"[0.2   0.187 0.174 0.161 0.148 0.135 0.122 0.109 0.096 0.083 0.07  0.057
 0.044 0.031 0.018 0.005 0.   ]",0.5136477902997285,0.5136569596361369,,,calvin,/Users/tomroper/Documents/Leaving Variability/Patch/calvin/C130401/C130401.2.C.mat,C130401,2,calvin|C130401|2|252
4659,253,left,5,stay,yes,0.14799999999999996,none,30,0.05,0.1,2147483647,1,3,5,65,0.4,"[0.2   0.187 0.174 0.161 0.148 0.135 0.122 0.109 0.096 0.083 0.07  0.057
 0.044 0.031 0.018 0.005 0.   ]",0.5137440440012142,0.5137527617625892,,,calvin,/Users/tomroper/Documents/Leaving Variability/Patch/calvin/C130401/C130401.2.C.mat,C130401,2,calvin|C130401|2|253
4660,254,left,5,leave,no,0.0,none,30,0.05,0.1,2147483647,1,3,5,65,0.4,"[0.2   0.187 0.174 0.161 0.148 0.135 0.122 0.109 0.096 0.083 0.07  0.057
 0.044 0.031 0.018 0.005 0.   ]",0.5138487787917256,0.5139605809235945,,,calvin,/Users/tomroper/Documents/Leaving Variability/Patch/calvin/C130401/C130401.2.C.mat,C130401,2,calvin|C130401|2|254
4661,255,right,5,stay,yes,0.2,none,30,0.05,0.1,2147483647,1,3,5,65,0.4,"[0.2   0.187 0.174 0.161 0.148 0.135 0.122 0.109 0.096 0.083 0.07  0.057
 0.044 0.031 0.018 0.005 0.   ]",0.5140382398385555,0.5140467786695808,,,calvin,/Users/tomroper/Documents/Leaving Variability/Patch/calvin/C130401/C130401.2.C.mat,C130401,2,calvin|C130401|2|255
4662,256,right,5,leave,no,0.0,none,30,0.05,0.1,2147483647,1,3,5,65,0.4,"[0.2   0.187 0.174 0.161 0.148 0.135 0.122 0.109 0.096 0.083 0.07  0.057
 0.044 0.031 0.018 0.005 0.   ]",0.5140775036998093,0.5141891891835257,,,calvin,/Users/tomroper/Documents/Leaving Variability/Patch/calvin/C130401/C130401.2.C.mat,C130401,2,calvin|C130401|2|256
4663,257,left,5,stay,yes,0.2,none,30,0.05,0.1,2147483647,1,3,5,65,0.4,"[0.2   0.187 0.174 0.161 0.148 0.135 0.122 0.109 0.096 0.083 0.07  0.057
 0.044 0.031 0.018 0.005 0.   ]",0.5142189610050991,0.5142280494328588,,,calvin,/Users/tomroper/Documents/Leaving Variability/Patch/calvin/C130401/C130401.2.C.mat,C130401,2,calvin|C130401|2|257
4664,258,left,5,stay,yes,0.187,none,30,0.05,0.1,2147483647,1,3,5,65,0.4,"[0.2   0.187 0.174 0.161 0.148 0.135 0.122 0.109 0.096 0.083 0.07  0.057
 0.044 0.031 0.018 0.005 0.   ]",0.5142968946602196,0.5143061011331156,,,calvin,/Users/tomroper/Documents/Leaving Variability/Patch/calvin/C130401/C130401.2.C.mat,C130401,2,calvin|C130401|2|258
4665,259,left,5,stay,yes,0.174,none,30,0.05,0.1,2147483647,1,3,5,65,0.4,"[0.2   0.187 0.174 0.161 0.148 0.135 0.122 0.109 0.096 0.083 0.07  0.057
 0.044 0.031 0.018 0.005 0.   ]",0.5143345714313909,0.5143438909435645,,,calvin,/Users/tomroper/Documents/Leaving Variability/Patch/calvin/C130401/C130401.2.C.mat,C130401,2,calvin|C130401|2|259
4666,260,left,5,leave,no,0.0,none,30,0.05,0.1,2147483647,1,3,5,65,0.4,"[0.2   0.187 0.174 0.161 0.148 0.135 0.122 0.109 0.096 0.083 0.07  0.057
 0.044 0.031 0.018 0.005 0.   ]",0.5143831572495401,0.5144968111999333,,,calvin,/Users/tomroper/Documents/Leaving Variability/Patch/calvin/C130401/C130401.2.C.mat,C130401,2,calvin|C130401|2|260
4667,261,right,5,leave,no,0.0,none,30,0.05,0.1,2147483647,1,3,5,65,0.4,"[0.2   0.187 0.174 0.161 0.148 0.135 0.122 0.109 0.096 0.083 0.07  0.057
 0.044 0.031 0.018 0.005 0.   ]",0.5145189334871247,0.5146307264221832,,,calvin,/Users/tomroper/Documents/Leaving Variability/Patch/calvin/C130401/C130401.2.C.mat,C130401,2,calvin|C130401|2|261
4668,262,left,5,leave,no,0.0,none,30,0.05,0.1,2147483647,1,3,5,65,0.4,"[0.2   0.187 0.174 0.161 0.148 0.135 0.122 0.109 0.096 0.083 0.07  0.057
 0.044 0.031 0.018 0.005 0.   ]",0.514662112807855,0.514774028561078,,,calvin,/Users/tomroper/Documents/Leaving Variability/Patch/calvin/C130401/C130401.2.C.mat,C130401,2,calvin|C130401|2|262
4669,263,right,5,leave,no,0.0,none,30,0.05,0.1,2147483647,1,3,5,65,0.4,"[0.2   0.187 0.174 0.161 0.148 0.135 0.122 0.109 0.096 0.083 0.07  0.057
 0.044 0.031 0.018 0.005 0.   ]",0.5147936837747693,0.5149059146642685,,,calvin,/Users/tomroper/Documents/Leaving Variability/Patch/calvin/C130401/C130401.2.C.mat,C130401,2,calvin|C130401|2|263
4670,264,left,5,stay,yes,0.2,none,30,0.05,0.1,2147483647,1,3,5,65,0.4,"[0.2   0.187 0.174 0.161 0.148 0.135 0.122 0.109 0.096 0.083 0.07  0.057
 0.044 0.031 0.018 0.005 0.   ]",0.5149301550118253,0.5149388975696638,,,calvin,/Users/tomroper/Documents/Leaving Variability/Patch/calvin/C130401/C130401.2.C.mat,C130401,2,calvin|C130401|2|264
4671,265,left,5,stay,yes,0.187,none,30,0.05,0.1,2147483647,1,3,5,65,0.4,"[0.2   0.187 0.174 0.161 0.148 0.135 0.122 0.109 0.096 0.083 0.07  0.057
 0.044 0.031 0.018 0.005 0.   ]",0.5151462779613212,0.5151553350733593,,,calvin,/Users/tomroper/Documents/Leaving Variability/Patch/calvin/C130401/C130401.2.C.mat,C130401,2,calvin|C130401|2|265
4672,266,left,5,stay,yes,0.174,none,30,0.05,0.1,2147483647,1,3,5,65,0.4,"[0.2   0.187 0.174 0.161 0.148 0.135 0.122 0.109 0.096 0.083 0.07  0.057
 0.044 0.031 0.018 0.005 0.   ]",0.515434556407854,0.515443819691427,,,calvin,/Users/tomroper/Documents/Leaving Variability/Patch/calvin/C130401/C130401.2.C.mat,C130401,2,calvin|C130401|2|266
4673,267,left,5,stay,yes,0.16099999999999998,none,30,0.05,0.1,2147483647,1,3,5,65,0.4,"[0.2   0.187 0.174 0.161 0.148 0.135 0.122 0.109 0.096 0.083 0.07  0.057
 0.044 0.031 0.018 0.005 0.   ]",0.5158679090673104,0.5158769997069612,,,calvin,/Users/tomroper/Documents/Leaving Variability/Patch/calvin/C130401/C130401.2.C.mat,C130401,2,calvin|C130401|2|267
4674,268,left,5,stay,yes,0.14799999999999996,none,30,0.05,0.1,2147483647,1,3,5,65,0.4,"[0.2   0.187 0.174 0.161 0.148 0.135 0.122 0.109 0.096 0.083 0.07  0.057
 0.044 0.031 0.018 0.005 0.   ]",0.5160471897106618,0.5160561029333621,,,calvin,/Users/tomroper/Documents/Leaving Variability/Patch/calvin/C130401/C130401.2.C.mat,C130401,2,calvin|C130401|2|268
4675,269,left,5,stay,yes,0.13499999999999995,none,30,0.05,0.1,2147483647,1,3,5,65,0.4,"[0.2   0.187 0.174 0.161 0.148 0.135 0.122 0.109 0.096 0.083 0.07  0.057
 0.044 0.031 0.018 0.005 0.   ]",0.5169171468587592,0.5169263364514336,,,calvin,/Users/tomroper/Documents/Leaving Variability/Patch/calvin/C130401/C130401.2.C.mat,C130401,2,calvin|C130401|2|269
